DATAFLOW,LAST UPDATE,freq,reporter,partner,product,flow,indicators,TIME_PERIOD,OBS_VALUE
ESTAT:DS-045409(1.0),13/02/26 11:00:00,A,AT,WORLD,39199080,1,QUANTITY_IN_100KG,2017,179163.77
ESTAT:DS-045409(1.0),13/02/26 11:00:00,A,AT,WORLD,39199080,1,QUANTITY_IN_100KG,2018,151809.49
ESTAT:DS-045409(1.0),13/02/26 11:00:00,A,AT,WORLD,39199080,1,QUANTITY_IN_100KG,2019,149410.39
ESTAT:DS-045409(1.0),13/02/26 11:00:00,A,AT,WORLD,39199080,1,QUANTITY_IN_100KG,2020,135847.92
ESTAT:DS-045409(1.0),13/02/26 11:00:00,A,AT,WORLD,39199080,1,QUANTITY_IN_100KG,2021,172073.18
ESTAT:DS-045409(1.0),13/02/26 11:00:00,A,AT,WORLD,39199080,1,QUANTITY_IN_100KG,2022,178775.59
ESTAT:DS-045409(1.0),13/02/26 11:00:00,A,AT,WORLD,39199080,1,QUANTITY_IN_100KG,2023,165097.72
ESTAT:DS-045409(1.0),13/02/26 11:00:00,A,AT,WORLD,39199080,1,QUANTITY_IN_100KG,2024,175591.18
ESTAT:DS-045409(1.0),13/02/26 11:00:00,A,AT,WORLD,39199080,1,VALUE_IN_EUROS,2017,127727396.0
ESTAT:DS-045409(1.0),13/02/26 11:00:00,A,AT,WORLD,39199080,1,VALUE_IN_EUROS,2018,128345804.0
ESTAT:DS-045409(1.0),13/02/26 11:00:00,A,AT,WORLD,39199080,1,VALUE_IN_EUROS,2019,130930358.0
ESTAT:DS-045409(1.0),13/02/26 11:00:00,A,AT,WORLD,39199080,1,VALUE_IN_EUROS,2020,121675218.0
ESTAT:DS-045409(1.0),13/02/26 11:00:00,A,AT,WORLD,39199080,1,VALUE_IN_EUROS,2021,142720660.0
ESTAT:DS-045409(1.0),13/02/26 11:00:00,A,AT,WORLD,39199080,1,VALUE_IN_EUROS,2022,156821248.0
ESTAT:DS-045409(1.0),13/02/26 11:00:00,A,AT,WORLD,39199080,1,VALUE_IN_EUROS,2023,161125502.0
ESTAT:DS-045409(1.0),13/02/26 11:00:00,A,AT,WORLD,39199080,1,VALUE_IN_EUROS,2024,156467908.0
ESTAT:DS-045409(1.0),13/02/26 11:00:00,A,AT,WORLD,39199080,2,QUANTITY_IN_100KG,2017,30284.86
ESTAT:DS-045409(1.0),13/02/26 11:00:00,A,AT,WORLD,39199080,2,QUANTITY_IN_100KG,2018,35370.74
ESTAT:DS-045409(1.0),13/02/26 11:00:00,A,AT,WORLD,39199080,2,QUANTITY_IN_100KG,2019,30522.79
ESTAT:DS-045409(1.0),13/02/26 11:00:00,A,AT,WORLD,39199080,2,QUANTITY_IN_100KG,2020,29334.32
ESTAT:DS-045409(1.0),13/02/26 11:00:00,A,AT,WORLD,39199080,2,QUANTITY_IN_100KG,2021,33764.95
ESTAT:DS-045409(1.0),13/02/26 11:00:00,A,AT,WORLD,39199080,2,QUANTITY_IN_100KG,2022,30660.1
ESTAT:DS-045409(1.0),13/02/26 11:00:00,A,AT,WORLD,39199080,2,QUANTITY_IN_100KG,2023,32436.1
ESTAT:DS-045409(1.0),13/02/26 11:00:00,A,AT,WORLD,39199080,2,QUANTITY_IN_100KG,2024,36172.31
ESTAT:DS-045409(1.0),13/02/26 11:00:00,A,AT,WORLD,39199080,2,VALUE_IN_EUROS,2017,43387087.0
ESTAT:DS-045409(1.0),13/02/26 11:00:00,A,AT,WORLD,39199080,2,VALUE_IN_EUROS,2018,46009526.0
ESTAT:DS-045409(1.0),13/02/26 11:00:00,A,AT,WORLD,39199080,2,VALUE_IN_EUROS,2019,48247702.0
ESTAT:DS-045409(1.0),13/02/26 11:00:00,A,AT,WORLD,39199080,2,VALUE_IN_EUROS,2020,44535272.0
ESTAT:DS-045409(1.0),13/02/26 11:00:00,A,AT,WORLD,39199080,2,VALUE_IN_EUROS,2021,50803058.0
ESTAT:DS-045409(1.0),13/02/26 11:00:00,A,AT,WORLD,39199080,2,VALUE_IN_EUROS,2022,54447944.0
ESTAT:DS-045409(1.0),13/02/26 11:00:00,A,AT,WORLD,39199080,2,VALUE_IN_EUROS,2023,64581152.0
ESTAT:DS-045409(1.0),13/02/26 11:00:00,A,AT,WORLD,39199080,2,VALUE_IN_EUROS,2024,65546123.0
ESTAT:DS-045409(1.0),13/02/26 11:00:00,A,BE,WORLD,39199080,1,QUANTITY_IN_100KG,2017,302818.28
ESTAT:DS-045409(1.0),13/02/26 11:00:00,A,BE,WORLD,39199080,1,QUANTITY_IN_100KG,2018,338037.25
ESTAT:DS-045409(1.0),13/02/26 11:00:00,A,BE,WORLD,39199080,1,QUANTITY_IN_100KG,2019,421669.87
ESTAT:DS-045409(1.0),13/02/26 11:00:00,A,BE,WORLD,39199080,1,QUANTITY_IN_100KG,2020,380127.19
ESTAT:DS-045409(1.0),13/02/26 11:00:00,A,BE,WORLD,39199080,1,QUANTITY_IN_100KG,2021,776150.92
ESTAT:DS-045409(1.0),13/02/26 11:00:00,A,BE,WORLD,39199080,1,QUANTITY_IN_100KG,2022,834804.0
ESTAT:DS-045409(1.0),13/02/26 11:00:00,A,BE,WORLD,39199080,1,QUANTITY_IN_100KG,2023,692590.5
ESTAT:DS-045409(1.0),13/02/26 11:00:00,A,BE,WORLD,39199080,1,QUANTITY_IN_100KG,2024,805372.05
ESTAT:DS-045409(1.0),13/02/26 11:00:00,A,BE,WORLD,39199080,1,VALUE_IN_EUROS,2017,153175855.0
ESTAT:DS-045409(1.0),13/02/26 11:00:00,A,BE,WORLD,39199080,1,VALUE_IN_EUROS,2018,178400037.0
ESTAT:DS-045409(1.0),13/02/26 11:00:00,A,BE,WORLD,39199080,1,VALUE_IN_EUROS,2019,208830177.0
ESTAT:DS-045409(1.0),13/02/26 11:00:00,A,BE,WORLD,39199080,1,VALUE_IN_EUROS,2020,191547463.0
ESTAT:DS-045409(1.0),13/02/26 11:00:00,A,BE,WORLD,39199080,1,VALUE_IN_EUROS,2021,351865253.0
ESTAT:DS-045409(1.0),13/02/26 11:00:00,A,BE,WORLD,39199080,1,VALUE_IN_EUROS,2022,429669025.0
ESTAT:DS-045409(1.0),13/02/26 11:00:00,A,BE,WORLD,39199080,1,VALUE_IN_EUROS,2023,388838855.0
ESTAT:DS-045409(1.0),13/02/26 11:00:00,A,BE,WORLD,39199080,1,VALUE_IN_EUROS,2024,412276105.0
ESTAT:DS-045409(1.0),13/02/26 11:00:00,A,BE,WORLD,39199080,2,QUANTITY_IN_100KG,2017,454257.71
ESTAT:DS-045409(1.0),13/02/26 11:00:00,A,BE,WORLD,39199080,2,QUANTITY_IN_100KG,2018,494472.79
ESTAT:DS-045409(1.0),13/02/26 11:00:00,A,BE,WORLD,39199080,2,QUANTITY_IN_100KG,2019,619668.06
ESTAT:DS-045409(1.0),13/02/26 11:00:00,A,BE,WORLD,39199080,2,QUANTITY_IN_100KG,2020,520864.2
ESTAT:DS-045409(1.0),13/02/26 11:00:00,A,BE,WORLD,39199080,2,QUANTITY_IN_100KG,2021,855083.97
ESTAT:DS-045409(1.0),13/02/26 11:00:00,A,BE,WORLD,39199080,2,QUANTITY_IN_100KG,2022,813878.24
ESTAT:DS-045409(1.0),13/02/26 11:00:00,A,BE,WORLD,39199080,2,QUANTITY_IN_100KG,2023,725179.17
ESTAT:DS-045409(1.0),13/02/26 11:00:00,A,BE,WORLD,39199080,2,QUANTITY_IN_100KG,2024,665017.61
ESTAT:DS-045409(1.0),13/02/26 11:00:00,A,BE,WORLD,39199080,2,VALUE_IN_EUROS,2017,326531258.0
ESTAT:DS-045409(1.0),13/02/26 11:00:00,A,BE,WORLD,39199080,2,VALUE_IN_EUROS,2018,358474379.0
ESTAT:DS-045409(1.0),13/02/26 11:00:00,A,BE,WORLD,39199080,2,VALUE_IN_EUROS,2019,517516609.0
ESTAT:DS-045409(1.0),13/02/26 11:00:00,A,BE,WORLD,39199080,2,VALUE_IN_EUROS,2020,438762635.0
ESTAT:DS-045409(1.0),13/02/26 11:00:00,A,BE,WORLD,39199080,2,VALUE_IN_EUROS,2021,587240827.0
ESTAT:DS-045409(1.0),13/02/26 11:00:00,A,BE,WORLD,39199080,2,VALUE_IN_EUROS,2022,655023875.0
ESTAT:DS-045409(1.0),13/02/26 11:00:00,A,BE,WORLD,39199080,2,VALUE_IN_EUROS,2023,656286166.0
ESTAT:DS-045409(1.0),13/02/26 11:00:00,A,BE,WORLD,39199080,2,VALUE_IN_EUROS,2024,628696618.0
ESTAT:DS-045409(1.0),13/02/26 11:00:00,A,BG,WORLD,39199080,1,QUANTITY_IN_100KG,2017,34060.17
ESTAT:DS-045409(1.0),13/02/26 11:00:00,A,BG,WORLD,39199080,1,QUANTITY_IN_100KG,2018,35127.54
ESTAT:DS-045409(1.0),13/02/26 11:00:00,A,BG,WORLD,39199080,1,QUANTITY_IN_100KG,2019,35856.4
ESTAT:DS-045409(1.0),13/02/26 11:00:00,A,BG,WORLD,39199080,1,QUANTITY_IN_100KG,2020,39609.81
ESTAT:DS-045409(1.0),13/02/26 11:00:00,A,BG,WORLD,39199080,1,QUANTITY_IN_100KG,2021,63541.37
ESTAT:DS-045409(1.0),13/02/26 11:00:00,A,BG,WORLD,39199080,1,QUANTITY_IN_100KG,2022,65999.99
ESTAT:DS-045409(1.0),13/02/26 11:00:00,A,BG,WORLD,39199080,1,QUANTITY_IN_100KG,2023,55917.41
ESTAT:DS-045409(1.0),13/02/26 11:00:00,A,BG,WORLD,39199080,1,QUANTITY_IN_100KG,2024,54737.57
ESTAT:DS-045409(1.0),13/02/26 11:00:00,A,BG,WORLD,39199080,1,VALUE_IN_EUROS,2017,15060598.0
ESTAT:DS-045409(1.0),13/02/26 11:00:00,A,BG,WORLD,39199080,1,VALUE_IN_EUROS,2018,16842861.0
ESTAT:DS-045409(1.0),13/02/26 11:00:00,A,BG,WORLD,39199080,1,VALUE_IN_EUROS,2019,15995054.0
ESTAT:DS-045409(1.0),13/02/26 11:00:00,A,BG,WORLD,39199080,1,VALUE_IN_EUROS,2020,16090641.0
ESTAT:DS-045409(1.0),13/02/26 11:00:00,A,BG,WORLD,39199080,1,VALUE_IN_EUROS,2021,21750981.0
ESTAT:DS-045409(1.0),13/02/26 11:00:00,A,BG,WORLD,39199080,1,VALUE_IN_EUROS,2022,26297293.0
ESTAT:DS-045409(1.0),13/02/26 11:00:00,A,BG,WORLD,39199080,1,VALUE_IN_EUROS,2023,23568772.0
ESTAT:DS-045409(1.0),13/02/26 11:00:00,A,BG,WORLD,39199080,1,VALUE_IN_EUROS,2024,21946456.0
ESTAT:DS-045409(1.0),13/02/26 11:00:00,A,BG,WORLD,39199080,2,QUANTITY_IN_100KG,2017,6094.71
ESTAT:DS-045409(1.0),13/02/26 11:00:00,A,BG,WORLD,39199080,2,QUANTITY_IN_100KG,2018,5129.85
ESTAT:DS-045409(1.0),13/02/26 11:00:00,A,BG,WORLD,39199080,2,QUANTITY_IN_100KG,2019,7427.7
ESTAT:DS-045409(1.0),13/02/26 11:00:00,A,BG,WORLD,39199080,2,QUANTITY_IN_100KG,2020,5327.3
ESTAT:DS-045409(1.0),13/02/26 11:00:00,A,BG,WORLD,39199080,2,QUANTITY_IN_100KG,2021,6610.61
ESTAT:DS-045409(1.0),13/02/26 11:00:00,A,BG,WORLD,39199080,2,QUANTITY_IN_100KG,2022,7213.3
ESTAT:DS-045409(1.0),13/02/26 11:00:00,A,BG,WORLD,39199080,2,QUANTITY_IN_100KG,2023,11563.39
ESTAT:DS-045409(1.0),13/02/26 11:00:00,A,BG,WORLD,39199080,2,QUANTITY_IN_100KG,2024,9855.92
ESTAT:DS-045409(1.0),13/02/26 11:00:00,A,BG,WORLD,39199080,2,VALUE_IN_EUROS,2017,2544988.0
ESTAT:DS-045409(1.0),13/02/26 11:00:00,A,BG,WORLD,39199080,2,VALUE_IN_EUROS,2018,2779674.0
ESTAT:DS-045409(1.0),13/02/26 11:00:00,A,BG,WORLD,39199080,2,VALUE_IN_EUROS,2019,2956827.0
ESTAT:DS-045409(1.0),13/02/26 11:00:00,A,BG,WORLD,39199080,2,VALUE_IN_EUROS,2020,2788956.0
ESTAT:DS-045409(1.0),13/02/26 11:00:00,A,BG,WORLD,39199080,2,VALUE_IN_EUROS,2021,3257350.0
ESTAT:DS-045409(1.0),13/02/26 11:00:00,A,BG,WORLD,39199080,2,VALUE_IN_EUROS,2022,6434246.0
ESTAT:DS-045409(1.0),13/02/26 11:00:00,A,BG,WORLD,39199080,2,VALUE_IN_EUROS,2023,12753698.0
ESTAT:DS-045409(1.0),13/02/26 11:00:00,A,BG,WORLD,39199080,2,VALUE_IN_EUROS,2024,8076200.0
ESTAT:DS-045409(1.0),13/02/26 11:00:00,A,CY,WORLD,39199080,1,QUANTITY_IN_100KG,2017,4521.41
ESTAT:DS-045409(1.0),13/02/26 11:00:00,A,CY,WORLD,39199080,1,QUANTITY_IN_100KG,2018,3787.43
ESTAT:DS-045409(1.0),13/02/26 11:00:00,A,CY,WORLD,39199080,1,QUANTITY_IN_100KG,2019,4415.75
ESTAT:DS-045409(1.0),13/02/26 11:00:00,A,CY,WORLD,39199080,1,QUANTITY_IN_100KG,2020,4803.11
ESTAT:DS-045409(1.0),13/02/26 11:00:00,A,CY,WORLD,39199080,1,QUANTITY_IN_100KG,2021,6489.36
ESTAT:DS-045409(1.0),13/02/26 11:00:00,A,CY,WORLD,39199080,1,QUANTITY_IN_100KG,2022,6554.58
ESTAT:DS-045409(1.0),13/02/26 11:00:00,A,CY,WORLD,39199080,1,QUANTITY_IN_100KG,2023,5514.77
ESTAT:DS-045409(1.0),13/02/26 11:00:00,A,CY,WORLD,39199080,1,QUANTITY_IN_100KG,2024,4909.82
ESTAT:DS-045409(1.0),13/02/26 11:00:00,A,CY,WORLD,39199080,1,VALUE_IN_EUROS,2017,2184941.0
ESTAT:DS-045409(1.0),13/02/26 11:00:00,A,CY,WORLD,39199080,1,VALUE_IN_EUROS,2018,2252269.0
ESTAT:DS-045409(1.0),13/02/26 11:00:00,A,CY,WORLD,39199080,1,VALUE_IN_EUROS,2019,2450366.0
ESTAT:DS-045409(1.0),13/02/26 11:00:00,A,CY,WORLD,39199080,1,VALUE_IN_EUROS,2020,2533589.0
ESTAT:DS-045409(1.0),13/02/26 11:00:00,A,CY,WORLD,39199080,1,VALUE_IN_EUROS,2021,3267895.0
ESTAT:DS-045409(1.0),13/02/26 11:00:00,A,CY,WORLD,39199080,1,VALUE_IN_EUROS,2022,3208563.0
ESTAT:DS-045409(1.0),13/02/26 11:00:00,A,CY,WORLD,39199080,1,VALUE_IN_EUROS,2023,4156031.0
ESTAT:DS-045409(1.0),13/02/26 11:00:00,A,CY,WORLD,39199080,1,VALUE_IN_EUROS,2024,3651513.0
ESTAT:DS-045409(1.0),13/02/26 11:00:00,A,CY,WORLD,39199080,2,QUANTITY_IN_100KG,2017,0.34
ESTAT:DS-045409(1.0),13/02/26 11:00:00,A,CY,WORLD,39199080,2,QUANTITY_IN_100KG,2018,0.11
ESTAT:DS-045409(1.0),13/02/26 11:00:00,A,CY,WORLD,39199080,2,QUANTITY_IN_100KG,2019,51.6
ESTAT:DS-045409(1.0),13/02/26 11:00:00,A,CY,WORLD,39199080,2,QUANTITY_IN_100KG,2020,6.03
ESTAT:DS-045409(1.0),13/02/26 11:00:00,A,CY,WORLD,39199080,2,QUANTITY_IN_100KG,2021,81.41
ESTAT:DS-045409(1.0),13/02/26 11:00:00,A,CY,WORLD,39199080,2,QUANTITY_IN_100KG,2022,116.4
ESTAT:DS-045409(1.0),13/02/26 11:00:00,A,CY,WORLD,39199080,2,QUANTITY_IN_100KG,2023,262.92
ESTAT:DS-045409(1.0),13/02/26 11:00:00,A,CY,WORLD,39199080,2,QUANTITY_IN_100KG,2024,266.42
ESTAT:DS-045409(1.0),13/02/26 11:00:00,A,CY,WORLD,39199080,2,VALUE_IN_EUROS,2017,672.0
ESTAT:DS-045409(1.0),13/02/26 11:00:00,A,CY,WORLD,39199080,2,VALUE_IN_EUROS,2018,1020.0
ESTAT:DS-045409(1.0),13/02/26 11:00:00,A,CY,WORLD,39199080,2,VALUE_IN_EUROS,2019,46041.0
ESTAT:DS-045409(1.0),13/02/26 11:00:00,A,CY,WORLD,39199080,2,VALUE_IN_EUROS,2020,14109.0
ESTAT:DS-045409(1.0),13/02/26 11:00:00,A,CY,WORLD,39199080,2,VALUE_IN_EUROS,2021,55798.0
ESTAT:DS-045409(1.0),13/02/26 11:00:00,A,CY,WORLD,39199080,2,VALUE_IN_EUROS,2022,42727.0
ESTAT:DS-045409(1.0),13/02/26 11:00:00,A,CY,WORLD,39199080,2,VALUE_IN_EUROS,2023,44368.0
ESTAT:DS-045409(1.0),13/02/26 11:00:00,A,CY,WORLD,39199080,2,VALUE_IN_EUROS,2024,38491.0
ESTAT:DS-045409(1.0),13/02/26 11:00:00,A,CZ,WORLD,39199080,1,QUANTITY_IN_100KG,2017,253528.02
ESTAT:DS-045409(1.0),13/02/26 11:00:00,A,CZ,WORLD,39199080,1,QUANTITY_IN_100KG,2018,246254.34
ESTAT:DS-045409(1.0),13/02/26 11:00:00,A,CZ,WORLD,39199080,1,QUANTITY_IN_100KG,2019,151772.63
ESTAT:DS-045409(1.0),13/02/26 11:00:00,A,CZ,WORLD,39199080,1,QUANTITY_IN_100KG,2020,151234.98
ESTAT:DS-045409(1.0),13/02/26 11:00:00,A,CZ,WORLD,39199080,1,QUANTITY_IN_100KG,2021,142573.52
ESTAT:DS-045409(1.0),13/02/26 11:00:00,A,CZ,WORLD,39199080,1,QUANTITY_IN_100KG,2022,175662.74
ESTAT:DS-045409(1.0),13/02/26 11:00:00,A,CZ,WORLD,39199080,1,QUANTITY_IN_100KG,2023,157855.96
ESTAT:DS-045409(1.0),13/02/26 11:00:00,A,CZ,WORLD,39199080,1,QUANTITY_IN_100KG,2024,167538.72
ESTAT:DS-045409(1.0),13/02/26 11:00:00,A,CZ,WORLD,39199080,1,VALUE_IN_EUROS,2017,113217200.0
ESTAT:DS-045409(1.0),13/02/26 11:00:00,A,CZ,WORLD,39199080,1,VALUE_IN_EUROS,2018,120253412.0
ESTAT:DS-045409(1.0),13/02/26 11:00:00,A,CZ,WORLD,39199080,1,VALUE_IN_EUROS,2019,121769722.0
ESTAT:DS-045409(1.0),13/02/26 11:00:00,A,CZ,WORLD,39199080,1,VALUE_IN_EUROS,2020,130427832.0
ESTAT:DS-045409(1.0),13/02/26 11:00:00,A,CZ,WORLD,39199080,1,VALUE_IN_EUROS,2021,132719067.0
ESTAT:DS-045409(1.0),13/02/26 11:00:00,A,CZ,WORLD,39199080,1,VALUE_IN_EUROS,2022,148424835.0
ESTAT:DS-045409(1.0),13/02/26 11:00:00,A,CZ,WORLD,39199080,1,VALUE_IN_EUROS,2023,150503001.0
ESTAT:DS-045409(1.0),13/02/26 11:00:00,A,CZ,WORLD,39199080,1,VALUE_IN_EUROS,2024,165174959.0
ESTAT:DS-045409(1.0),13/02/26 11:00:00,A,CZ,WORLD,39199080,2,QUANTITY_IN_100KG,2017,50494.89
ESTAT:DS-045409(1.0),13/02/26 11:00:00,A,CZ,WORLD,39199080,2,QUANTITY_IN_100KG,2018,61574.11
ESTAT:DS-045409(1.0),13/02/26 11:00:00,A,CZ,WORLD,39199080,2,QUANTITY_IN_100KG,2019,64147.0
ESTAT:DS-045409(1.0),13/02/26 11:00:00,A,CZ,WORLD,39199080,2,QUANTITY_IN_100KG,2020,48417.28
ESTAT:DS-045409(1.0),13/02/26 11:00:00,A,CZ,WORLD,39199080,2,QUANTITY_IN_100KG,2021,56206.65
ESTAT:DS-045409(1.0),13/02/26 11:00:00,A,CZ,WORLD,39199080,2,QUANTITY_IN_100KG,2022,55262.02
ESTAT:DS-045409(1.0),13/02/26 11:00:00,A,CZ,WORLD,39199080,2,QUANTITY_IN_100KG,2023,53241.7
ESTAT:DS-045409(1.0),13/02/26 11:00:00,A,CZ,WORLD,39199080,2,QUANTITY_IN_100KG,2024,58282.87
ESTAT:DS-045409(1.0),13/02/26 11:00:00,A,CZ,WORLD,39199080,2,VALUE_IN_EUROS,2017,41192687.0
ESTAT:DS-045409(1.0),13/02/26 11:00:00,A,CZ,WORLD,39199080,2,VALUE_IN_EUROS,2018,48939777.0
ESTAT:DS-045409(1.0),13/02/26 11:00:00,A,CZ,WORLD,39199080,2,VALUE_IN_EUROS,2019,53179872.0
ESTAT:DS-045409(1.0),13/02/26 11:00:00,A,CZ,WORLD,39199080,2,VALUE_IN_EUROS,2020,47861092.0
ESTAT:DS-045409(1.0),13/02/26 11:00:00,A,CZ,WORLD,39199080,2,VALUE_IN_EUROS,2021,68816092.0
ESTAT:DS-045409(1.0),13/02/26 11:00:00,A,CZ,WORLD,39199080,2,VALUE_IN_EUROS,2022,69223114.0
ESTAT:DS-045409(1.0),13/02/26 11:00:00,A,CZ,WORLD,39199080,2,VALUE_IN_EUROS,2023,72395176.0
ESTAT:DS-045409(1.0),13/02/26 11:00:00,A,CZ,WORLD,39199080,2,VALUE_IN_EUROS,2024,78476502.0
ESTAT:DS-045409(1.0),13/02/26 11:00:00,A,DE,WORLD,39199080,1,QUANTITY_IN_100KG,2017,823275.36
ESTAT:DS-045409(1.0),13/02/26 11:00:00,A,DE,WORLD,39199080,1,QUANTITY_IN_100KG,2018,854070.91
ESTAT:DS-045409(1.0),13/02/26 11:00:00,A,DE,WORLD,39199080,1,QUANTITY_IN_100KG,2019,864522.86
ESTAT:DS-045409(1.0),13/02/26 11:00:00,A,DE,WORLD,39199080,1,QUANTITY_IN_100KG,2020,815455.48
ESTAT:DS-045409(1.0),13/02/26 11:00:00,A,DE,WORLD,39199080,1,QUANTITY_IN_100KG,2021,878704.31
ESTAT:DS-045409(1.0),13/02/26 11:00:00,A,DE,WORLD,39199080,1,QUANTITY_IN_100KG,2022,855915.26
ESTAT:DS-045409(1.0),13/02/26 11:00:00,A,DE,WORLD,39199080,1,QUANTITY_IN_100KG,2023,694513.34
ESTAT:DS-045409(1.0),13/02/26 11:00:00,A,DE,WORLD,39199080,1,QUANTITY_IN_100KG,2024,787380.24
ESTAT:DS-045409(1.0),13/02/26 11:00:00,A,DE,WORLD,39199080,1,VALUE_IN_EUROS,2017,612987926.0
ESTAT:DS-045409(1.0),13/02/26 11:00:00,A,DE,WORLD,39199080,1,VALUE_IN_EUROS,2018,610164521.0
ESTAT:DS-045409(1.0),13/02/26 11:00:00,A,DE,WORLD,39199080,1,VALUE_IN_EUROS,2019,624798201.0
ESTAT:DS-045409(1.0),13/02/26 11:00:00,A,DE,WORLD,39199080,1,VALUE_IN_EUROS,2020,615549967.0
ESTAT:DS-045409(1.0),13/02/26 11:00:00,A,DE,WORLD,39199080,1,VALUE_IN_EUROS,2021,714360922.0
ESTAT:DS-045409(1.0),13/02/26 11:00:00,A,DE,WORLD,39199080,1,VALUE_IN_EUROS,2022,762645786.0
ESTAT:DS-045409(1.0),13/02/26 11:00:00,A,DE,WORLD,39199080,1,VALUE_IN_EUROS,2023,699605159.0
ESTAT:DS-045409(1.0),13/02/26 11:00:00,A,DE,WORLD,39199080,1,VALUE_IN_EUROS,2024,752420776.0
ESTAT:DS-045409(1.0),13/02/26 11:00:00,A,DE,WORLD,39199080,2,QUANTITY_IN_100KG,2017,2389538.88
ESTAT:DS-045409(1.0),13/02/26 11:00:00,A,DE,WORLD,39199080,2,QUANTITY_IN_100KG,2018,2225261.74
ESTAT:DS-045409(1.0),13/02/26 11:00:00,A,DE,WORLD,39199080,2,QUANTITY_IN_100KG,2019,1945425.28
ESTAT:DS-045409(1.0),13/02/26 11:00:00,A,DE,WORLD,39199080,2,QUANTITY_IN_100KG,2020,1829238.28
ESTAT:DS-045409(1.0),13/02/26 11:00:00,A,DE,WORLD,39199080,2,QUANTITY_IN_100KG,2021,1926859.32
ESTAT:DS-045409(1.0),13/02/26 11:00:00,A,DE,WORLD,39199080,2,QUANTITY_IN_100KG,2022,1838250.69
ESTAT:DS-045409(1.0),13/02/26 11:00:00,A,DE,WORLD,39199080,2,QUANTITY_IN_100KG,2023,1503233.05
ESTAT:DS-045409(1.0),13/02/26 11:00:00,A,DE,WORLD,39199080,2,QUANTITY_IN_100KG,2024,1687482.58
ESTAT:DS-045409(1.0),13/02/26 11:00:00,A,DE,WORLD,39199080,2,VALUE_IN_EUROS,2017,1752820894.0
ESTAT:DS-045409(1.0),13/02/26 11:00:00,A,DE,WORLD,39199080,2,VALUE_IN_EUROS,2018,1702892807.0
ESTAT:DS-045409(1.0),13/02/26 11:00:00,A,DE,WORLD,39199080,2,VALUE_IN_EUROS,2019,1552247281.0
ESTAT:DS-045409(1.0),13/02/26 11:00:00,A,DE,WORLD,39199080,2,VALUE_IN_EUROS,2020,1494415450.0
ESTAT:DS-045409(1.0),13/02/26 11:00:00,A,DE,WORLD,39199080,2,VALUE_IN_EUROS,2021,1683590121.0
ESTAT:DS-045409(1.0),13/02/26 11:00:00,A,DE,WORLD,39199080,2,VALUE_IN_EUROS,2022,1818225619.0
ESTAT:DS-045409(1.0),13/02/26 11:00:00,A,DE,WORLD,39199080,2,VALUE_IN_EUROS,2023,1712303891.0
ESTAT:DS-045409(1.0),13/02/26 11:00:00,A,DE,WORLD,39199080,2,VALUE_IN_EUROS,2024,1793916982.0
ESTAT:DS-045409(1.0),13/02/26 11:00:00,A,DK,WORLD,39199080,1,QUANTITY_IN_100KG,2017,119070.82
ESTAT:DS-045409(1.0),13/02/26 11:00:00,A,DK,WORLD,39199080,1,QUANTITY_IN_100KG,2018,115692.89
ESTAT:DS-045409(1.0),13/02/26 11:00:00,A,DK,WORLD,39199080,1,QUANTITY_IN_100KG,2019,112304.22
ESTAT:DS-045409(1.0),13/02/26 11:00:00,A,DK,WORLD,39199080,1,QUANTITY_IN_100KG,2020,109557.72
ESTAT:DS-045409(1.0),13/02/26 11:00:00,A,DK,WORLD,39199080,1,QUANTITY_IN_100KG,2021,117957.1
ESTAT:DS-045409(1.0),13/02/26 11:00:00,A,DK,WORLD,39199080,1,QUANTITY_IN_100KG,2022,118873.03
ESTAT:DS-045409(1.0),13/02/26 11:00:00,A,DK,WORLD,39199080,1,QUANTITY_IN_100KG,2023,253327.4
ESTAT:DS-045409(1.0),13/02/26 11:00:00,A,DK,WORLD,39199080,1,QUANTITY_IN_100KG,2024,219353.48
ESTAT:DS-045409(1.0),13/02/26 11:00:00,A,DK,WORLD,39199080,1,VALUE_IN_EUROS,2017,62309330.0
ESTAT:DS-045409(1.0),13/02/26 11:00:00,A,DK,WORLD,39199080,1,VALUE_IN_EUROS,2018,68956100.0
ESTAT:DS-045409(1.0),13/02/26 11:00:00,A,DK,WORLD,39199080,1,VALUE_IN_EUROS,2019,69866464.0
ESTAT:DS-045409(1.0),13/02/26 11:00:00,A,DK,WORLD,39199080,1,VALUE_IN_EUROS,2020,65832257.0
ESTAT:DS-045409(1.0),13/02/26 11:00:00,A,DK,WORLD,39199080,1,VALUE_IN_EUROS,2021,76968075.0
ESTAT:DS-045409(1.0),13/02/26 11:00:00,A,DK,WORLD,39199080,1,VALUE_IN_EUROS,2022,86106710.0
ESTAT:DS-045409(1.0),13/02/26 11:00:00,A,DK,WORLD,39199080,1,VALUE_IN_EUROS,2023,84707462.0
ESTAT:DS-045409(1.0),13/02/26 11:00:00,A,DK,WORLD,39199080,1,VALUE_IN_EUROS,2024,95819750.0
ESTAT:DS-045409(1.0),13/02/26 11:00:00,A,DK,WORLD,39199080,2,QUANTITY_IN_100KG,2017,56895.97
ESTAT:DS-045409(1.0),13/02/26 11:00:00,A,DK,WORLD,39199080,2,QUANTITY_IN_100KG,2018,58787.23
ESTAT:DS-045409(1.0),13/02/26 11:00:00,A,DK,WORLD,39199080,2,QUANTITY_IN_100KG,2019,54245.72
ESTAT:DS-045409(1.0),13/02/26 11:00:00,A,DK,WORLD,39199080,2,QUANTITY_IN_100KG,2020,48360.01
ESTAT:DS-045409(1.0),13/02/26 11:00:00,A,DK,WORLD,39199080,2,QUANTITY_IN_100KG,2021,46816.55
ESTAT:DS-045409(1.0),13/02/26 11:00:00,A,DK,WORLD,39199080,2,QUANTITY_IN_100KG,2022,55936.7
ESTAT:DS-045409(1.0),13/02/26 11:00:00,A,DK,WORLD,39199080,2,QUANTITY_IN_100KG,2023,101437.46
ESTAT:DS-045409(1.0),13/02/26 11:00:00,A,DK,WORLD,39199080,2,QUANTITY_IN_100KG,2024,57690.39
ESTAT:DS-045409(1.0),13/02/26 11:00:00,A,DK,WORLD,39199080,2,VALUE_IN_EUROS,2017,45905259.0
ESTAT:DS-045409(1.0),13/02/26 11:00:00,A,DK,WORLD,39199080,2,VALUE_IN_EUROS,2018,50072331.0
ESTAT:DS-045409(1.0),13/02/26 11:00:00,A,DK,WORLD,39199080,2,VALUE_IN_EUROS,2019,49153736.0
ESTAT:DS-045409(1.0),13/02/26 11:00:00,A,DK,WORLD,39199080,2,VALUE_IN_EUROS,2020,38825510.0
ESTAT:DS-045409(1.0),13/02/26 11:00:00,A,DK,WORLD,39199080,2,VALUE_IN_EUROS,2021,41890292.0
ESTAT:DS-045409(1.0),13/02/26 11:00:00,A,DK,WORLD,39199080,2,VALUE_IN_EUROS,2022,51183262.0
ESTAT:DS-045409(1.0),13/02/26 11:00:00,A,DK,WORLD,39199080,2,VALUE_IN_EUROS,2023,53382503.0
ESTAT:DS-045409(1.0),13/02/26 11:00:00,A,DK,WORLD,39199080,2,VALUE_IN_EUROS,2024,51925201.0
ESTAT:DS-045409(1.0),13/02/26 11:00:00,A,EE,WORLD,39199080,1,QUANTITY_IN_100KG,2017,8353.84
ESTAT:DS-045409(1.0),13/02/26 11:00:00,A,EE,WORLD,39199080,1,QUANTITY_IN_100KG,2018,10669.44
ESTAT:DS-045409(1.0),13/02/26 11:00:00,A,EE,WORLD,39199080,1,QUANTITY_IN_100KG,2019,10173.75
ESTAT:DS-045409(1.0),13/02/26 11:00:00,A,EE,WORLD,39199080,1,QUANTITY_IN_100KG,2020,11270.65
ESTAT:DS-045409(1.0),13/02/26 11:00:00,A,EE,WORLD,39199080,1,QUANTITY_IN_100KG,2021,16641.72
ESTAT:DS-045409(1.0),13/02/26 11:00:00,A,EE,WORLD,39199080,1,QUANTITY_IN_100KG,2022,19485.93
ESTAT:DS-045409(1.0),13/02/26 11:00:00,A,EE,WORLD,39199080,1,QUANTITY_IN_100KG,2023,9174.77
ESTAT:DS-045409(1.0),13/02/26 11:00:00,A,EE,WORLD,39199080,1,QUANTITY_IN_100KG,2024,11110.32
ESTAT:DS-045409(1.0),13/02/26 11:00:00,A,EE,WORLD,39199080,1,VALUE_IN_EUROS,2017,5824010.0
ESTAT:DS-045409(1.0),13/02/26 11:00:00,A,EE,WORLD,39199080,1,VALUE_IN_EUROS,2018,6413448.0
ESTAT:DS-045409(1.0),13/02/26 11:00:00,A,EE,WORLD,39199080,1,VALUE_IN_EUROS,2019,6871313.0
ESTAT:DS-045409(1.0),13/02/26 11:00:00,A,EE,WORLD,39199080,1,VALUE_IN_EUROS,2020,6991401.0
ESTAT:DS-045409(1.0),13/02/26 11:00:00,A,EE,WORLD,39199080,1,VALUE_IN_EUROS,2021,8315799.0
ESTAT:DS-045409(1.0),13/02/26 11:00:00,A,EE,WORLD,39199080,1,VALUE_IN_EUROS,2022,8349511.0
ESTAT:DS-045409(1.0),13/02/26 11:00:00,A,EE,WORLD,39199080,1,VALUE_IN_EUROS,2023,8261806.0
ESTAT:DS-045409(1.0),13/02/26 11:00:00,A,EE,WORLD,39199080,1,VALUE_IN_EUROS,2024,11782020.0
ESTAT:DS-045409(1.0),13/02/26 11:00:00,A,EE,WORLD,39199080,2,QUANTITY_IN_100KG,2017,1015.63
ESTAT:DS-045409(1.0),13/02/26 11:00:00,A,EE,WORLD,39199080,2,QUANTITY_IN_100KG,2018,2236.06
ESTAT:DS-045409(1.0),13/02/26 11:00:00,A,EE,WORLD,39199080,2,QUANTITY_IN_100KG,2019,1958.81
ESTAT:DS-045409(1.0),13/02/26 11:00:00,A,EE,WORLD,39199080,2,QUANTITY_IN_100KG,2020,879.29
ESTAT:DS-045409(1.0),13/02/26 11:00:00,A,EE,WORLD,39199080,2,QUANTITY_IN_100KG,2021,1288.47
ESTAT:DS-045409(1.0),13/02/26 11:00:00,A,EE,WORLD,39199080,2,QUANTITY_IN_100KG,2022,3172.73
ESTAT:DS-045409(1.0),13/02/26 11:00:00,A,EE,WORLD,39199080,2,QUANTITY_IN_100KG,2023,1314.51
ESTAT:DS-045409(1.0),13/02/26 11:00:00,A,EE,WORLD,39199080,2,QUANTITY_IN_100KG,2024,2022.65
ESTAT:DS-045409(1.0),13/02/26 11:00:00,A,EE,WORLD,39199080,2,VALUE_IN_EUROS,2017,1199764.0
ESTAT:DS-045409(1.0),13/02/26 11:00:00,A,EE,WORLD,39199080,2,VALUE_IN_EUROS,2018,2294991.0
ESTAT:DS-045409(1.0),13/02/26 11:00:00,A,EE,WORLD,39199080,2,VALUE_IN_EUROS,2019,1911045.0
ESTAT:DS-045409(1.0),13/02/26 11:00:00,A,EE,WORLD,39199080,2,VALUE_IN_EUROS,2020,1204360.0
ESTAT:DS-045409(1.0),13/02/26 11:00:00,A,EE,WORLD,39199080,2,VALUE_IN_EUROS,2021,1440686.0
ESTAT:DS-045409(1.0),13/02/26 11:00:00,A,EE,WORLD,39199080,2,VALUE_IN_EUROS,2022,2009626.0
ESTAT:DS-045409(1.0),13/02/26 11:00:00,A,EE,WORLD,39199080,2,VALUE_IN_EUROS,2023,1670274.0
ESTAT:DS-045409(1.0),13/02/26 11:00:00,A,EE,WORLD,39199080,2,VALUE_IN_EUROS,2024,2039898.0
ESTAT:DS-045409(1.0),13/02/26 11:00:00,A,ES,WORLD,39199080,1,QUANTITY_IN_100KG,2017,593821.94
ESTAT:DS-045409(1.0),13/02/26 11:00:00,A,ES,WORLD,39199080,1,QUANTITY_IN_100KG,2018,538683.47
ESTAT:DS-045409(1.0),13/02/26 11:00:00,A,ES,WORLD,39199080,1,QUANTITY_IN_100KG,2019,539827.08
ESTAT:DS-045409(1.0),13/02/26 11:00:00,A,ES,WORLD,39199080,1,QUANTITY_IN_100KG,2020,566413.28
ESTAT:DS-045409(1.0),13/02/26 11:00:00,A,ES,WORLD,39199080,1,QUANTITY_IN_100KG,2021,646185.95
ESTAT:DS-045409(1.0),13/02/26 11:00:00,A,ES,WORLD,39199080,1,QUANTITY_IN_100KG,2022,737573.05
ESTAT:DS-045409(1.0),13/02/26 11:00:00,A,ES,WORLD,39199080,1,QUANTITY_IN_100KG,2023,850938.89
ESTAT:DS-045409(1.0),13/02/26 11:00:00,A,ES,WORLD,39199080,1,QUANTITY_IN_100KG,2024,727246.2
ESTAT:DS-045409(1.0),13/02/26 11:00:00,A,ES,WORLD,39199080,1,VALUE_IN_EUROS,2017,233227735.0
ESTAT:DS-045409(1.0),13/02/26 11:00:00,A,ES,WORLD,39199080,1,VALUE_IN_EUROS,2018,233509152.0
ESTAT:DS-045409(1.0),13/02/26 11:00:00,A,ES,WORLD,39199080,1,VALUE_IN_EUROS,2019,234664500.0
ESTAT:DS-045409(1.0),13/02/26 11:00:00,A,ES,WORLD,39199080,1,VALUE_IN_EUROS,2020,217898676.0
ESTAT:DS-045409(1.0),13/02/26 11:00:00,A,ES,WORLD,39199080,1,VALUE_IN_EUROS,2021,277377584.0
ESTAT:DS-045409(1.0),13/02/26 11:00:00,A,ES,WORLD,39199080,1,VALUE_IN_EUROS,2022,357722668.0
ESTAT:DS-045409(1.0),13/02/26 11:00:00,A,ES,WORLD,39199080,1,VALUE_IN_EUROS,2023,360131974.0
ESTAT:DS-045409(1.0),13/02/26 11:00:00,A,ES,WORLD,39199080,1,VALUE_IN_EUROS,2024,340905334.0
ESTAT:DS-045409(1.0),13/02/26 11:00:00,A,ES,WORLD,39199080,2,QUANTITY_IN_100KG,2017,236191.61
ESTAT:DS-045409(1.0),13/02/26 11:00:00,A,ES,WORLD,39199080,2,QUANTITY_IN_100KG,2018,195228.02
ESTAT:DS-045409(1.0),13/02/26 11:00:00,A,ES,WORLD,39199080,2,QUANTITY_IN_100KG,2019,205801.38
ESTAT:DS-045409(1.0),13/02/26 11:00:00,A,ES,WORLD,39199080,2,QUANTITY_IN_100KG,2020,196929.42
ESTAT:DS-045409(1.0),13/02/26 11:00:00,A,ES,WORLD,39199080,2,QUANTITY_IN_100KG,2021,229027.67
ESTAT:DS-045409(1.0),13/02/26 11:00:00,A,ES,WORLD,39199080,2,QUANTITY_IN_100KG,2022,225979.43
ESTAT:DS-045409(1.0),13/02/26 11:00:00,A,ES,WORLD,39199080,2,QUANTITY_IN_100KG,2023,223888.43
ESTAT:DS-045409(1.0),13/02/26 11:00:00,A,ES,WORLD,39199080,2,QUANTITY_IN_100KG,2024,235879.89
ESTAT:DS-045409(1.0),13/02/26 11:00:00,A,ES,WORLD,39199080,2,VALUE_IN_EUROS,2017,95764856.0
ESTAT:DS-045409(1.0),13/02/26 11:00:00,A,ES,WORLD,39199080,2,VALUE_IN_EUROS,2018,82627767.0
ESTAT:DS-045409(1.0),13/02/26 11:00:00,A,ES,WORLD,39199080,2,VALUE_IN_EUROS,2019,82929276.0
ESTAT:DS-045409(1.0),13/02/26 11:00:00,A,ES,WORLD,39199080,2,VALUE_IN_EUROS,2020,86648999.0
ESTAT:DS-045409(1.0),13/02/26 11:00:00,A,ES,WORLD,39199080,2,VALUE_IN_EUROS,2021,99383746.0
ESTAT:DS-045409(1.0),13/02/26 11:00:00,A,ES,WORLD,39199080,2,VALUE_IN_EUROS,2022,113261434.0
ESTAT:DS-045409(1.0),13/02/26 11:00:00,A,ES,WORLD,39199080,2,VALUE_IN_EUROS,2023,111930826.0
ESTAT:DS-045409(1.0),13/02/26 11:00:00,A,ES,WORLD,39199080,2,VALUE_IN_EUROS,2024,111838655.0
ESTAT:DS-045409(1.0),13/02/26 11:00:00,A,FI,WORLD,39199080,1,QUANTITY_IN_100KG,2017,40413.84
ESTAT:DS-045409(1.0),13/02/26 11:00:00,A,FI,WORLD,39199080,1,QUANTITY_IN_100KG,2018,38664.29
ESTAT:DS-045409(1.0),13/02/26 11:00:00,A,FI,WORLD,39199080,1,QUANTITY_IN_100KG,2019,43034.86
ESTAT:DS-045409(1.0),13/02/26 11:00:00,A,FI,WORLD,39199080,1,QUANTITY_IN_100KG,2020,41399.35
ESTAT:DS-045409(1.0),13/02/26 11:00:00,A,FI,WORLD,39199080,1,QUANTITY_IN_100KG,2021,41380.9
ESTAT:DS-045409(1.0),13/02/26 11:00:00,A,FI,WORLD,39199080,1,QUANTITY_IN_100KG,2022,47018.03
ESTAT:DS-045409(1.0),13/02/26 11:00:00,A,FI,WORLD,39199080,1,QUANTITY_IN_100KG,2023,38214.51
ESTAT:DS-045409(1.0),13/02/26 11:00:00,A,FI,WORLD,39199080,1,QUANTITY_IN_100KG,2024,41249.18
ESTAT:DS-045409(1.0),13/02/26 11:00:00,A,FI,WORLD,39199080,1,VALUE_IN_EUROS,2017,27372651.0
ESTAT:DS-045409(1.0),13/02/26 11:00:00,A,FI,WORLD,39199080,1,VALUE_IN_EUROS,2018,28890156.0
ESTAT:DS-045409(1.0),13/02/26 11:00:00,A,FI,WORLD,39199080,1,VALUE_IN_EUROS,2019,30061589.0
ESTAT:DS-045409(1.0),13/02/26 11:00:00,A,FI,WORLD,39199080,1,VALUE_IN_EUROS,2020,31524469.0
ESTAT:DS-045409(1.0),13/02/26 11:00:00,A,FI,WORLD,39199080,1,VALUE_IN_EUROS,2021,35611504.0
ESTAT:DS-045409(1.0),13/02/26 11:00:00,A,FI,WORLD,39199080,1,VALUE_IN_EUROS,2022,43208892.0
ESTAT:DS-045409(1.0),13/02/26 11:00:00,A,FI,WORLD,39199080,1,VALUE_IN_EUROS,2023,42139538.0
ESTAT:DS-045409(1.0),13/02/26 11:00:00,A,FI,WORLD,39199080,1,VALUE_IN_EUROS,2024,45150924.0
ESTAT:DS-045409(1.0),13/02/26 11:00:00,A,FI,WORLD,39199080,2,QUANTITY_IN_100KG,2017,246555.51
ESTAT:DS-045409(1.0),13/02/26 11:00:00,A,FI,WORLD,39199080,2,QUANTITY_IN_100KG,2018,262124.94
ESTAT:DS-045409(1.0),13/02/26 11:00:00,A,FI,WORLD,39199080,2,QUANTITY_IN_100KG,2019,280888.28
ESTAT:DS-045409(1.0),13/02/26 11:00:00,A,FI,WORLD,39199080,2,QUANTITY_IN_100KG,2020,294423.27
ESTAT:DS-045409(1.0),13/02/26 11:00:00,A,FI,WORLD,39199080,2,QUANTITY_IN_100KG,2021,280510.66
ESTAT:DS-045409(1.0),13/02/26 11:00:00,A,FI,WORLD,39199080,2,QUANTITY_IN_100KG,2022,146115.82
ESTAT:DS-045409(1.0),13/02/26 11:00:00,A,FI,WORLD,39199080,2,QUANTITY_IN_100KG,2023,118829.15
ESTAT:DS-045409(1.0),13/02/26 11:00:00,A,FI,WORLD,39199080,2,QUANTITY_IN_100KG,2024,133427.2
ESTAT:DS-045409(1.0),13/02/26 11:00:00,A,FI,WORLD,39199080,2,VALUE_IN_EUROS,2017,102001424.0
ESTAT:DS-045409(1.0),13/02/26 11:00:00,A,FI,WORLD,39199080,2,VALUE_IN_EUROS,2018,113782292.0
ESTAT:DS-045409(1.0),13/02/26 11:00:00,A,FI,WORLD,39199080,2,VALUE_IN_EUROS,2019,115754841.0
ESTAT:DS-045409(1.0),13/02/26 11:00:00,A,FI,WORLD,39199080,2,VALUE_IN_EUROS,2020,117950939.0
ESTAT:DS-045409(1.0),13/02/26 11:00:00,A,FI,WORLD,39199080,2,VALUE_IN_EUROS,2021,122603280.0
ESTAT:DS-045409(1.0),13/02/26 11:00:00,A,FI,WORLD,39199080,2,VALUE_IN_EUROS,2022,86445331.0
ESTAT:DS-045409(1.0),13/02/26 11:00:00,A,FI,WORLD,39199080,2,VALUE_IN_EUROS,2023,71228458.0
ESTAT:DS-045409(1.0),13/02/26 11:00:00,A,FI,WORLD,39199080,2,VALUE_IN_EUROS,2024,87932940.0
ESTAT:DS-045409(1.0),13/02/26 11:00:00,A,FR,WORLD,39199080,1,QUANTITY_IN_100KG,2017,768643.27
ESTAT:DS-045409(1.0),13/02/26 11:00:00,A,FR,WORLD,39199080,1,QUANTITY_IN_100KG,2018,958194.56
ESTAT:DS-045409(1.0),13/02/26 11:00:00,A,FR,WORLD,39199080,1,QUANTITY_IN_100KG,2019,1494165.33
ESTAT:DS-045409(1.0),13/02/26 11:00:00,A,FR,WORLD,39199080,1,QUANTITY_IN_100KG,2020,713510.08
ESTAT:DS-045409(1.0),13/02/26 11:00:00,A,FR,WORLD,39199080,1,QUANTITY_IN_100KG,2021,831935.81
ESTAT:DS-045409(1.0),13/02/26 11:00:00,A,FR,WORLD,39199080,1,QUANTITY_IN_100KG,2022,893476.49
ESTAT:DS-045409(1.0),13/02/26 11:00:00,A,FR,WORLD,39199080,1,QUANTITY_IN_100KG,2023,747711.62
ESTAT:DS-045409(1.0),13/02/26 11:00:00,A,FR,WORLD,39199080,1,QUANTITY_IN_100KG,2024,847437.5
ESTAT:DS-045409(1.0),13/02/26 11:00:00,A,FR,WORLD,39199080,1,VALUE_IN_EUROS,2017,382844363.0
ESTAT:DS-045409(1.0),13/02/26 11:00:00,A,FR,WORLD,39199080,1,VALUE_IN_EUROS,2018,428490872.0
ESTAT:DS-045409(1.0),13/02/26 11:00:00,A,FR,WORLD,39199080,1,VALUE_IN_EUROS,2019,431864698.0
ESTAT:DS-045409(1.0),13/02/26 11:00:00,A,FR,WORLD,39199080,1,VALUE_IN_EUROS,2020,404786654.0
ESTAT:DS-045409(1.0),13/02/26 11:00:00,A,FR,WORLD,39199080,1,VALUE_IN_EUROS,2021,497684749.0
ESTAT:DS-045409(1.0),13/02/26 11:00:00,A,FR,WORLD,39199080,1,VALUE_IN_EUROS,2022,560938455.0
ESTAT:DS-045409(1.0),13/02/26 11:00:00,A,FR,WORLD,39199080,1,VALUE_IN_EUROS,2023,531811780.0
ESTAT:DS-045409(1.0),13/02/26 11:00:00,A,FR,WORLD,39199080,1,VALUE_IN_EUROS,2024,537623850.0
ESTAT:DS-045409(1.0),13/02/26 11:00:00,A,FR,WORLD,39199080,2,QUANTITY_IN_100KG,2017,887320.84
ESTAT:DS-045409(1.0),13/02/26 11:00:00,A,FR,WORLD,39199080,2,QUANTITY_IN_100KG,2018,921629.53
ESTAT:DS-045409(1.0),13/02/26 11:00:00,A,FR,WORLD,39199080,2,QUANTITY_IN_100KG,2019,945804.26
ESTAT:DS-045409(1.0),13/02/26 11:00:00,A,FR,WORLD,39199080,2,QUANTITY_IN_100KG,2020,965242.49
ESTAT:DS-045409(1.0),13/02/26 11:00:00,A,FR,WORLD,39199080,2,QUANTITY_IN_100KG,2021,1106583.52
ESTAT:DS-045409(1.0),13/02/26 11:00:00,A,FR,WORLD,39199080,2,QUANTITY_IN_100KG,2022,875904.66
ESTAT:DS-045409(1.0),13/02/26 11:00:00,A,FR,WORLD,39199080,2,QUANTITY_IN_100KG,2023,716176.25
ESTAT:DS-045409(1.0),13/02/26 11:00:00,A,FR,WORLD,39199080,2,QUANTITY_IN_100KG,2024,796314.04
ESTAT:DS-045409(1.0),13/02/26 11:00:00,A,FR,WORLD,39199080,2,VALUE_IN_EUROS,2017,476887385.0
ESTAT:DS-045409(1.0),13/02/26 11:00:00,A,FR,WORLD,39199080,2,VALUE_IN_EUROS,2018,517011211.0
ESTAT:DS-045409(1.0),13/02/26 11:00:00,A,FR,WORLD,39199080,2,VALUE_IN_EUROS,2019,475788106.0
ESTAT:DS-045409(1.0),13/02/26 11:00:00,A,FR,WORLD,39199080,2,VALUE_IN_EUROS,2020,457118232.0
ESTAT:DS-045409(1.0),13/02/26 11:00:00,A,FR,WORLD,39199080,2,VALUE_IN_EUROS,2021,547879720.0
ESTAT:DS-045409(1.0),13/02/26 11:00:00,A,FR,WORLD,39199080,2,VALUE_IN_EUROS,2022,533437325.0
ESTAT:DS-045409(1.0),13/02/26 11:00:00,A,FR,WORLD,39199080,2,VALUE_IN_EUROS,2023,474136944.0
ESTAT:DS-045409(1.0),13/02/26 11:00:00,A,FR,WORLD,39199080,2,VALUE_IN_EUROS,2024,505323783.0
ESTAT:DS-045409(1.0),13/02/26 11:00:00,A,GR,WORLD,39199080,1,QUANTITY_IN_100KG,2017,65488.35
ESTAT:DS-045409(1.0),13/02/26 11:00:00,A,GR,WORLD,39199080,1,QUANTITY_IN_100KG,2018,78017.52
ESTAT:DS-045409(1.0),13/02/26 11:00:00,A,GR,WORLD,39199080,1,QUANTITY_IN_100KG,2019,72642.22
ESTAT:DS-045409(1.0),13/02/26 11:00:00,A,GR,WORLD,39199080,1,QUANTITY_IN_100KG,2020,79182.97
ESTAT:DS-045409(1.0),13/02/26 11:00:00,A,GR,WORLD,39199080,1,QUANTITY_IN_100KG,2021,97432.94
ESTAT:DS-045409(1.0),13/02/26 11:00:00,A,GR,WORLD,39199080,1,QUANTITY_IN_100KG,2022,98358.75
ESTAT:DS-045409(1.0),13/02/26 11:00:00,A,GR,WORLD,39199080,1,QUANTITY_IN_100KG,2023,89211.19
ESTAT:DS-045409(1.0),13/02/26 11:00:00,A,GR,WORLD,39199080,1,QUANTITY_IN_100KG,2024,102886.38
ESTAT:DS-045409(1.0),13/02/26 11:00:00,A,GR,WORLD,39199080,1,VALUE_IN_EUROS,2017,27963373.0
ESTAT:DS-045409(1.0),13/02/26 11:00:00,A,GR,WORLD,39199080,1,VALUE_IN_EUROS,2018,30999319.0
ESTAT:DS-045409(1.0),13/02/26 11:00:00,A,GR,WORLD,39199080,1,VALUE_IN_EUROS,2019,31288814.0
ESTAT:DS-045409(1.0),13/02/26 11:00:00,A,GR,WORLD,39199080,1,VALUE_IN_EUROS,2020,33434924.0
ESTAT:DS-045409(1.0),13/02/26 11:00:00,A,GR,WORLD,39199080,1,VALUE_IN_EUROS,2021,42622903.0
ESTAT:DS-045409(1.0),13/02/26 11:00:00,A,GR,WORLD,39199080,1,VALUE_IN_EUROS,2022,52562193.0
ESTAT:DS-045409(1.0),13/02/26 11:00:00,A,GR,WORLD,39199080,1,VALUE_IN_EUROS,2023,47028388.0
ESTAT:DS-045409(1.0),13/02/26 11:00:00,A,GR,WORLD,39199080,1,VALUE_IN_EUROS,2024,52364573.0
ESTAT:DS-045409(1.0),13/02/26 11:00:00,A,GR,WORLD,39199080,2,QUANTITY_IN_100KG,2017,64563.4
ESTAT:DS-045409(1.0),13/02/26 11:00:00,A,GR,WORLD,39199080,2,QUANTITY_IN_100KG,2018,58908.12
ESTAT:DS-045409(1.0),13/02/26 11:00:00,A,GR,WORLD,39199080,2,QUANTITY_IN_100KG,2019,53120.77
ESTAT:DS-045409(1.0),13/02/26 11:00:00,A,GR,WORLD,39199080,2,QUANTITY_IN_100KG,2020,75189.89
ESTAT:DS-045409(1.0),13/02/26 11:00:00,A,GR,WORLD,39199080,2,QUANTITY_IN_100KG,2021,111442.44
ESTAT:DS-045409(1.0),13/02/26 11:00:00,A,GR,WORLD,39199080,2,QUANTITY_IN_100KG,2022,102809.81
ESTAT:DS-045409(1.0),13/02/26 11:00:00,A,GR,WORLD,39199080,2,QUANTITY_IN_100KG,2023,88754.55
ESTAT:DS-045409(1.0),13/02/26 11:00:00,A,GR,WORLD,39199080,2,QUANTITY_IN_100KG,2024,97552.55
ESTAT:DS-045409(1.0),13/02/26 11:00:00,A,GR,WORLD,39199080,2,VALUE_IN_EUROS,2017,17451046.0
ESTAT:DS-045409(1.0),13/02/26 11:00:00,A,GR,WORLD,39199080,2,VALUE_IN_EUROS,2018,12131314.0
ESTAT:DS-045409(1.0),13/02/26 11:00:00,A,GR,WORLD,39199080,2,VALUE_IN_EUROS,2019,14291577.0
ESTAT:DS-045409(1.0),13/02/26 11:00:00,A,GR,WORLD,39199080,2,VALUE_IN_EUROS,2020,13145582.0
ESTAT:DS-045409(1.0),13/02/26 11:00:00,A,GR,WORLD,39199080,2,VALUE_IN_EUROS,2021,20305058.0
ESTAT:DS-045409(1.0),13/02/26 11:00:00,A,GR,WORLD,39199080,2,VALUE_IN_EUROS,2022,26674979.0
ESTAT:DS-045409(1.0),13/02/26 11:00:00,A,GR,WORLD,39199080,2,VALUE_IN_EUROS,2023,19150618.0
ESTAT:DS-045409(1.0),13/02/26 11:00:00,A,GR,WORLD,39199080,2,VALUE_IN_EUROS,2024,18159866.0
ESTAT:DS-045409(1.0),13/02/26 11:00:00,A,HR,WORLD,39199080,1,QUANTITY_IN_100KG,2017,21580.19
ESTAT:DS-045409(1.0),13/02/26 11:00:00,A,HR,WORLD,39199080,1,QUANTITY_IN_100KG,2018,26423.36
ESTAT:DS-045409(1.0),13/02/26 11:00:00,A,HR,WORLD,39199080,1,QUANTITY_IN_100KG,2019,27242.38
ESTAT:DS-045409(1.0),13/02/26 11:00:00,A,HR,WORLD,39199080,1,QUANTITY_IN_100KG,2020,26262.62
ESTAT:DS-045409(1.0),13/02/26 11:00:00,A,HR,WORLD,39199080,1,QUANTITY_IN_100KG,2021,30560.56
ESTAT:DS-045409(1.0),13/02/26 11:00:00,A,HR,WORLD,39199080,1,QUANTITY_IN_100KG,2022,31252.1
ESTAT:DS-045409(1.0),13/02/26 11:00:00,A,HR,WORLD,39199080,1,QUANTITY_IN_100KG,2023,32549.95
ESTAT:DS-045409(1.0),13/02/26 11:00:00,A,HR,WORLD,39199080,1,QUANTITY_IN_100KG,2024,40815.2
ESTAT:DS-045409(1.0),13/02/26 11:00:00,A,HR,WORLD,39199080,1,VALUE_IN_EUROS,2017,13427963.0
ESTAT:DS-045409(1.0),13/02/26 11:00:00,A,HR,WORLD,39199080,1,VALUE_IN_EUROS,2018,15357458.0
ESTAT:DS-045409(1.0),13/02/26 11:00:00,A,HR,WORLD,39199080,1,VALUE_IN_EUROS,2019,18469599.0
ESTAT:DS-045409(1.0),13/02/26 11:00:00,A,HR,WORLD,39199080,1,VALUE_IN_EUROS,2020,17706232.0
ESTAT:DS-045409(1.0),13/02/26 11:00:00,A,HR,WORLD,39199080,1,VALUE_IN_EUROS,2021,19897760.0
ESTAT:DS-045409(1.0),13/02/26 11:00:00,A,HR,WORLD,39199080,1,VALUE_IN_EUROS,2022,22373805.0
ESTAT:DS-045409(1.0),13/02/26 11:00:00,A,HR,WORLD,39199080,1,VALUE_IN_EUROS,2023,22942168.0
ESTAT:DS-045409(1.0),13/02/26 11:00:00,A,HR,WORLD,39199080,1,VALUE_IN_EUROS,2024,28021994.0
ESTAT:DS-045409(1.0),13/02/26 11:00:00,A,HR,WORLD,39199080,2,QUANTITY_IN_100KG,2017,14677.88
ESTAT:DS-045409(1.0),13/02/26 11:00:00,A,HR,WORLD,39199080,2,QUANTITY_IN_100KG,2018,14663.61
ESTAT:DS-045409(1.0),13/02/26 11:00:00,A,HR,WORLD,39199080,2,QUANTITY_IN_100KG,2019,17438.68
ESTAT:DS-045409(1.0),13/02/26 11:00:00,A,HR,WORLD,39199080,2,QUANTITY_IN_100KG,2020,13959.31
ESTAT:DS-045409(1.0),13/02/26 11:00:00,A,HR,WORLD,39199080,2,QUANTITY_IN_100KG,2021,23959.72
ESTAT:DS-045409(1.0),13/02/26 11:00:00,A,HR,WORLD,39199080,2,QUANTITY_IN_100KG,2022,30727.15
ESTAT:DS-045409(1.0),13/02/26 11:00:00,A,HR,WORLD,39199080,2,QUANTITY_IN_100KG,2023,18814.62
ESTAT:DS-045409(1.0),13/02/26 11:00:00,A,HR,WORLD,39199080,2,QUANTITY_IN_100KG,2024,19349.63
ESTAT:DS-045409(1.0),13/02/26 11:00:00,A,HR,WORLD,39199080,2,VALUE_IN_EUROS,2017,5961773.0
ESTAT:DS-045409(1.0),13/02/26 11:00:00,A,HR,WORLD,39199080,2,VALUE_IN_EUROS,2018,6574393.0
ESTAT:DS-045409(1.0),13/02/26 11:00:00,A,HR,WORLD,39199080,2,VALUE_IN_EUROS,2019,7987278.0
ESTAT:DS-045409(1.0),13/02/26 11:00:00,A,HR,WORLD,39199080,2,VALUE_IN_EUROS,2020,6744293.0
ESTAT:DS-045409(1.0),13/02/26 11:00:00,A,HR,WORLD,39199080,2,VALUE_IN_EUROS,2021,11437640.0
ESTAT:DS-045409(1.0),13/02/26 11:00:00,A,HR,WORLD,39199080,2,VALUE_IN_EUROS,2022,17125663.0
ESTAT:DS-045409(1.0),13/02/26 11:00:00,A,HR,WORLD,39199080,2,VALUE_IN_EUROS,2023,11320748.0
ESTAT:DS-045409(1.0),13/02/26 11:00:00,A,HR,WORLD,39199080,2,VALUE_IN_EUROS,2024,12434451.0
ESTAT:DS-045409(1.0),13/02/26 11:00:00,A,HU,WORLD,39199080,1,QUANTITY_IN_100KG,2017,82698.43
ESTAT:DS-045409(1.0),13/02/26 11:00:00,A,HU,WORLD,39199080,1,QUANTITY_IN_100KG,2018,87943.52
ESTAT:DS-045409(1.0),13/02/26 11:00:00,A,HU,WORLD,39199080,1,QUANTITY_IN_100KG,2019,100145.78
ESTAT:DS-045409(1.0),13/02/26 11:00:00,A,HU,WORLD,39199080,1,QUANTITY_IN_100KG,2020,106046.46
ESTAT:DS-045409(1.0),13/02/26 11:00:00,A,HU,WORLD,39199080,1,QUANTITY_IN_100KG,2021,111685.73
ESTAT:DS-045409(1.0),13/02/26 11:00:00,A,HU,WORLD,39199080,1,QUANTITY_IN_100KG,2022,109564.57
ESTAT:DS-045409(1.0),13/02/26 11:00:00,A,HU,WORLD,39199080,1,QUANTITY_IN_100KG,2023,103208.85
ESTAT:DS-045409(1.0),13/02/26 11:00:00,A,HU,WORLD,39199080,1,QUANTITY_IN_100KG,2024,100935.76
ESTAT:DS-045409(1.0),13/02/26 11:00:00,A,HU,WORLD,39199080,1,VALUE_IN_EUROS,2017,92862366.0
ESTAT:DS-045409(1.0),13/02/26 11:00:00,A,HU,WORLD,39199080,1,VALUE_IN_EUROS,2018,98896617.0
ESTAT:DS-045409(1.0),13/02/26 11:00:00,A,HU,WORLD,39199080,1,VALUE_IN_EUROS,2019,96394001.0
ESTAT:DS-045409(1.0),13/02/26 11:00:00,A,HU,WORLD,39199080,1,VALUE_IN_EUROS,2020,85310310.0
ESTAT:DS-045409(1.0),13/02/26 11:00:00,A,HU,WORLD,39199080,1,VALUE_IN_EUROS,2021,105942401.0
ESTAT:DS-045409(1.0),13/02/26 11:00:00,A,HU,WORLD,39199080,1,VALUE_IN_EUROS,2022,117150413.0
ESTAT:DS-045409(1.0),13/02/26 11:00:00,A,HU,WORLD,39199080,1,VALUE_IN_EUROS,2023,112526695.0
ESTAT:DS-045409(1.0),13/02/26 11:00:00,A,HU,WORLD,39199080,1,VALUE_IN_EUROS,2024,118483930.0
ESTAT:DS-045409(1.0),13/02/26 11:00:00,A,HU,WORLD,39199080,2,QUANTITY_IN_100KG,2017,20814.79
ESTAT:DS-045409(1.0),13/02/26 11:00:00,A,HU,WORLD,39199080,2,QUANTITY_IN_100KG,2018,18651.36
ESTAT:DS-045409(1.0),13/02/26 11:00:00,A,HU,WORLD,39199080,2,QUANTITY_IN_100KG,2019,20592.18
ESTAT:DS-045409(1.0),13/02/26 11:00:00,A,HU,WORLD,39199080,2,QUANTITY_IN_100KG,2020,22279.26
ESTAT:DS-045409(1.0),13/02/26 11:00:00,A,HU,WORLD,39199080,2,QUANTITY_IN_100KG,2021,24778.87
ESTAT:DS-045409(1.0),13/02/26 11:00:00,A,HU,WORLD,39199080,2,QUANTITY_IN_100KG,2022,29690.1
ESTAT:DS-045409(1.0),13/02/26 11:00:00,A,HU,WORLD,39199080,2,QUANTITY_IN_100KG,2023,30366.14
ESTAT:DS-045409(1.0),13/02/26 11:00:00,A,HU,WORLD,39199080,2,QUANTITY_IN_100KG,2024,29550.5
ESTAT:DS-045409(1.0),13/02/26 11:00:00,A,HU,WORLD,39199080,2,VALUE_IN_EUROS,2017,28790265.0
ESTAT:DS-045409(1.0),13/02/26 11:00:00,A,HU,WORLD,39199080,2,VALUE_IN_EUROS,2018,28758116.0
ESTAT:DS-045409(1.0),13/02/26 11:00:00,A,HU,WORLD,39199080,2,VALUE_IN_EUROS,2019,26995897.0
ESTAT:DS-045409(1.0),13/02/26 11:00:00,A,HU,WORLD,39199080,2,VALUE_IN_EUROS,2020,26563933.0
ESTAT:DS-045409(1.0),13/02/26 11:00:00,A,HU,WORLD,39199080,2,VALUE_IN_EUROS,2021,32506720.0
ESTAT:DS-045409(1.0),13/02/26 11:00:00,A,HU,WORLD,39199080,2,VALUE_IN_EUROS,2022,38540100.0
ESTAT:DS-045409(1.0),13/02/26 11:00:00,A,HU,WORLD,39199080,2,VALUE_IN_EUROS,2023,44149260.0
ESTAT:DS-045409(1.0),13/02/26 11:00:00,A,HU,WORLD,39199080,2,VALUE_IN_EUROS,2024,43684989.0
ESTAT:DS-045409(1.0),13/02/26 11:00:00,A,IE,WORLD,39199080,1,QUANTITY_IN_100KG,2017,41135.54
ESTAT:DS-045409(1.0),13/02/26 11:00:00,A,IE,WORLD,39199080,1,QUANTITY_IN_100KG,2018,46086.78
ESTAT:DS-045409(1.0),13/02/26 11:00:00,A,IE,WORLD,39199080,1,QUANTITY_IN_100KG,2019,56252.88
ESTAT:DS-045409(1.0),13/02/26 11:00:00,A,IE,WORLD,39199080,1,QUANTITY_IN_100KG,2020,56332.16
ESTAT:DS-045409(1.0),13/02/26 11:00:00,A,IE,WORLD,39199080,1,QUANTITY_IN_100KG,2021,74771.88
ESTAT:DS-045409(1.0),13/02/26 11:00:00,A,IE,WORLD,39199080,1,QUANTITY_IN_100KG,2022,102674.84
ESTAT:DS-045409(1.0),13/02/26 11:00:00,A,IE,WORLD,39199080,1,QUANTITY_IN_100KG,2023,72708.51
ESTAT:DS-045409(1.0),13/02/26 11:00:00,A,IE,WORLD,39199080,1,QUANTITY_IN_100KG,2024,87594.9
ESTAT:DS-045409(1.0),13/02/26 11:00:00,A,IE,WORLD,39199080,1,VALUE_IN_EUROS,2017,35203343.0
ESTAT:DS-045409(1.0),13/02/26 11:00:00,A,IE,WORLD,39199080,1,VALUE_IN_EUROS,2018,38107266.0
ESTAT:DS-045409(1.0),13/02/26 11:00:00,A,IE,WORLD,39199080,1,VALUE_IN_EUROS,2019,46240073.0
ESTAT:DS-045409(1.0),13/02/26 11:00:00,A,IE,WORLD,39199080,1,VALUE_IN_EUROS,2020,46687225.0
ESTAT:DS-045409(1.0),13/02/26 11:00:00,A,IE,WORLD,39199080,1,VALUE_IN_EUROS,2021,75300706.0
ESTAT:DS-045409(1.0),13/02/26 11:00:00,A,IE,WORLD,39199080,1,VALUE_IN_EUROS,2022,106190925.0
ESTAT:DS-045409(1.0),13/02/26 11:00:00,A,IE,WORLD,39199080,1,VALUE_IN_EUROS,2023,87311544.0
ESTAT:DS-045409(1.0),13/02/26 11:00:00,A,IE,WORLD,39199080,1,VALUE_IN_EUROS,2024,103532598.0
ESTAT:DS-045409(1.0),13/02/26 11:00:00,A,IE,WORLD,39199080,2,QUANTITY_IN_100KG,2017,8063.09
ESTAT:DS-045409(1.0),13/02/26 11:00:00,A,IE,WORLD,39199080,2,QUANTITY_IN_100KG,2018,7101.62
ESTAT:DS-045409(1.0),13/02/26 11:00:00,A,IE,WORLD,39199080,2,QUANTITY_IN_100KG,2019,7204.02
ESTAT:DS-045409(1.0),13/02/26 11:00:00,A,IE,WORLD,39199080,2,QUANTITY_IN_100KG,2020,5816.67
ESTAT:DS-045409(1.0),13/02/26 11:00:00,A,IE,WORLD,39199080,2,QUANTITY_IN_100KG,2021,7184.82
ESTAT:DS-045409(1.0),13/02/26 11:00:00,A,IE,WORLD,39199080,2,QUANTITY_IN_100KG,2022,10367.0
ESTAT:DS-045409(1.0),13/02/26 11:00:00,A,IE,WORLD,39199080,2,QUANTITY_IN_100KG,2023,10750.15
ESTAT:DS-045409(1.0),13/02/26 11:00:00,A,IE,WORLD,39199080,2,QUANTITY_IN_100KG,2024,9747.77
ESTAT:DS-045409(1.0),13/02/26 11:00:00,A,IE,WORLD,39199080,2,VALUE_IN_EUROS,2017,15550828.0
ESTAT:DS-045409(1.0),13/02/26 11:00:00,A,IE,WORLD,39199080,2,VALUE_IN_EUROS,2018,15749892.0
ESTAT:DS-045409(1.0),13/02/26 11:00:00,A,IE,WORLD,39199080,2,VALUE_IN_EUROS,2019,16513691.0
ESTAT:DS-045409(1.0),13/02/26 11:00:00,A,IE,WORLD,39199080,2,VALUE_IN_EUROS,2020,15092469.0
ESTAT:DS-045409(1.0),13/02/26 11:00:00,A,IE,WORLD,39199080,2,VALUE_IN_EUROS,2021,22795994.0
ESTAT:DS-045409(1.0),13/02/26 11:00:00,A,IE,WORLD,39199080,2,VALUE_IN_EUROS,2022,31368630.0
ESTAT:DS-045409(1.0),13/02/26 11:00:00,A,IE,WORLD,39199080,2,VALUE_IN_EUROS,2023,37019970.0
ESTAT:DS-045409(1.0),13/02/26 11:00:00,A,IE,WORLD,39199080,2,VALUE_IN_EUROS,2024,33181041.0
ESTAT:DS-045409(1.0),13/02/26 11:00:00,A,IT,WORLD,39199080,1,QUANTITY_IN_100KG,2017,565397.3
ESTAT:DS-045409(1.0),13/02/26 11:00:00,A,IT,WORLD,39199080,1,QUANTITY_IN_100KG,2018,573866.43
ESTAT:DS-045409(1.0),13/02/26 11:00:00,A,IT,WORLD,39199080,1,QUANTITY_IN_100KG,2019,523781.72
ESTAT:DS-045409(1.0),13/02/26 11:00:00,A,IT,WORLD,39199080,1,QUANTITY_IN_100KG,2020,672244.74
ESTAT:DS-045409(1.0),13/02/26 11:00:00,A,IT,WORLD,39199080,1,QUANTITY_IN_100KG,2021,770714.96
ESTAT:DS-045409(1.0),13/02/26 11:00:00,A,IT,WORLD,39199080,1,QUANTITY_IN_100KG,2022,974653.31
ESTAT:DS-045409(1.0),13/02/26 11:00:00,A,IT,WORLD,39199080,1,QUANTITY_IN_100KG,2023,702500.39
ESTAT:DS-045409(1.0),13/02/26 11:00:00,A,IT,WORLD,39199080,1,QUANTITY_IN_100KG,2024,924703.18
ESTAT:DS-045409(1.0),13/02/26 11:00:00,A,IT,WORLD,39199080,1,VALUE_IN_EUROS,2017,263704035.0
ESTAT:DS-045409(1.0),13/02/26 11:00:00,A,IT,WORLD,39199080,1,VALUE_IN_EUROS,2018,246476734.0
ESTAT:DS-045409(1.0),13/02/26 11:00:00,A,IT,WORLD,39199080,1,VALUE_IN_EUROS,2019,262693100.0
ESTAT:DS-045409(1.0),13/02/26 11:00:00,A,IT,WORLD,39199080,1,VALUE_IN_EUROS,2020,315426738.0
ESTAT:DS-045409(1.0),13/02/26 11:00:00,A,IT,WORLD,39199080,1,VALUE_IN_EUROS,2021,380658028.0
ESTAT:DS-045409(1.0),13/02/26 11:00:00,A,IT,WORLD,39199080,1,VALUE_IN_EUROS,2022,480821291.0
ESTAT:DS-045409(1.0),13/02/26 11:00:00,A,IT,WORLD,39199080,1,VALUE_IN_EUROS,2023,419950391.0
ESTAT:DS-045409(1.0),13/02/26 11:00:00,A,IT,WORLD,39199080,1,VALUE_IN_EUROS,2024,477908969.0
ESTAT:DS-045409(1.0),13/02/26 11:00:00,A,IT,WORLD,39199080,2,QUANTITY_IN_100KG,2017,1404290.88
ESTAT:DS-045409(1.0),13/02/26 11:00:00,A,IT,WORLD,39199080,2,QUANTITY_IN_100KG,2018,1249159.7
ESTAT:DS-045409(1.0),13/02/26 11:00:00,A,IT,WORLD,39199080,2,QUANTITY_IN_100KG,2019,1237058.81
ESTAT:DS-045409(1.0),13/02/26 11:00:00,A,IT,WORLD,39199080,2,QUANTITY_IN_100KG,2020,1506314.99
ESTAT:DS-045409(1.0),13/02/26 11:00:00,A,IT,WORLD,39199080,2,QUANTITY_IN_100KG,2021,1629917.86
ESTAT:DS-045409(1.0),13/02/26 11:00:00,A,IT,WORLD,39199080,2,QUANTITY_IN_100KG,2022,1583325.03
ESTAT:DS-045409(1.0),13/02/26 11:00:00,A,IT,WORLD,39199080,2,QUANTITY_IN_100KG,2023,1322358.93
ESTAT:DS-045409(1.0),13/02/26 11:00:00,A,IT,WORLD,39199080,2,QUANTITY_IN_100KG,2024,1452047.51
ESTAT:DS-045409(1.0),13/02/26 11:00:00,A,IT,WORLD,39199080,2,VALUE_IN_EUROS,2017,442754707.0
ESTAT:DS-045409(1.0),13/02/26 11:00:00,A,IT,WORLD,39199080,2,VALUE_IN_EUROS,2018,420141856.0
ESTAT:DS-045409(1.0),13/02/26 11:00:00,A,IT,WORLD,39199080,2,VALUE_IN_EUROS,2019,431383157.0
ESTAT:DS-045409(1.0),13/02/26 11:00:00,A,IT,WORLD,39199080,2,VALUE_IN_EUROS,2020,417857925.0
ESTAT:DS-045409(1.0),13/02/26 11:00:00,A,IT,WORLD,39199080,2,VALUE_IN_EUROS,2021,497245765.0
ESTAT:DS-045409(1.0),13/02/26 11:00:00,A,IT,WORLD,39199080,2,VALUE_IN_EUROS,2022,648801233.0
ESTAT:DS-045409(1.0),13/02/26 11:00:00,A,IT,WORLD,39199080,2,VALUE_IN_EUROS,2023,570774107.0
ESTAT:DS-045409(1.0),13/02/26 11:00:00,A,IT,WORLD,39199080,2,VALUE_IN_EUROS,2024,626522976.0
ESTAT:DS-045409(1.0),13/02/26 11:00:00,A,LT,WORLD,39199080,1,QUANTITY_IN_100KG,2017,34797.6
ESTAT:DS-045409(1.0),13/02/26 11:00:00,A,LT,WORLD,39199080,1,QUANTITY_IN_100KG,2018,34603.74
ESTAT:DS-045409(1.0),13/02/26 11:00:00,A,LT,WORLD,39199080,1,QUANTITY_IN_100KG,2019,39828.35
ESTAT:DS-045409(1.0),13/02/26 11:00:00,A,LT,WORLD,39199080,1,QUANTITY_IN_100KG,2020,41686.31
ESTAT:DS-045409(1.0),13/02/26 11:00:00,A,LT,WORLD,39199080,1,QUANTITY_IN_100KG,2021,44422.6
ESTAT:DS-045409(1.0),13/02/26 11:00:00,A,LT,WORLD,39199080,1,QUANTITY_IN_100KG,2022,49400.31
ESTAT:DS-045409(1.0),13/02/26 11:00:00,A,LT,WORLD,39199080,1,QUANTITY_IN_100KG,2023,38878.12
ESTAT:DS-045409(1.0),13/02/26 11:00:00,A,LT,WORLD,39199080,1,QUANTITY_IN_100KG,2024,35261.17
ESTAT:DS-045409(1.0),13/02/26 11:00:00,A,LT,WORLD,39199080,1,VALUE_IN_EUROS,2017,22080488.0
ESTAT:DS-045409(1.0),13/02/26 11:00:00,A,LT,WORLD,39199080,1,VALUE_IN_EUROS,2018,21971139.0
ESTAT:DS-045409(1.0),13/02/26 11:00:00,A,LT,WORLD,39199080,1,VALUE_IN_EUROS,2019,24577546.0
ESTAT:DS-045409(1.0),13/02/26 11:00:00,A,LT,WORLD,39199080,1,VALUE_IN_EUROS,2020,25612033.0
ESTAT:DS-045409(1.0),13/02/26 11:00:00,A,LT,WORLD,39199080,1,VALUE_IN_EUROS,2021,27995898.0
ESTAT:DS-045409(1.0),13/02/26 11:00:00,A,LT,WORLD,39199080,1,VALUE_IN_EUROS,2022,39807085.0
ESTAT:DS-045409(1.0),13/02/26 11:00:00,A,LT,WORLD,39199080,1,VALUE_IN_EUROS,2023,32066647.0
ESTAT:DS-045409(1.0),13/02/26 11:00:00,A,LT,WORLD,39199080,1,VALUE_IN_EUROS,2024,27228902.0
ESTAT:DS-045409(1.0),13/02/26 11:00:00,A,LT,WORLD,39199080,2,QUANTITY_IN_100KG,2017,12576.54
ESTAT:DS-045409(1.0),13/02/26 11:00:00,A,LT,WORLD,39199080,2,QUANTITY_IN_100KG,2018,11315.93
ESTAT:DS-045409(1.0),13/02/26 11:00:00,A,LT,WORLD,39199080,2,QUANTITY_IN_100KG,2019,10843.94
ESTAT:DS-045409(1.0),13/02/26 11:00:00,A,LT,WORLD,39199080,2,QUANTITY_IN_100KG,2020,10421.62
ESTAT:DS-045409(1.0),13/02/26 11:00:00,A,LT,WORLD,39199080,2,QUANTITY_IN_100KG,2021,12284.84
ESTAT:DS-045409(1.0),13/02/26 11:00:00,A,LT,WORLD,39199080,2,QUANTITY_IN_100KG,2022,17052.0
ESTAT:DS-045409(1.0),13/02/26 11:00:00,A,LT,WORLD,39199080,2,QUANTITY_IN_100KG,2023,14153.79
ESTAT:DS-045409(1.0),13/02/26 11:00:00,A,LT,WORLD,39199080,2,QUANTITY_IN_100KG,2024,8893.8
ESTAT:DS-045409(1.0),13/02/26 11:00:00,A,LT,WORLD,39199080,2,VALUE_IN_EUROS,2017,11581556.0
ESTAT:DS-045409(1.0),13/02/26 11:00:00,A,LT,WORLD,39199080,2,VALUE_IN_EUROS,2018,12400781.0
ESTAT:DS-045409(1.0),13/02/26 11:00:00,A,LT,WORLD,39199080,2,VALUE_IN_EUROS,2019,13566785.0
ESTAT:DS-045409(1.0),13/02/26 11:00:00,A,LT,WORLD,39199080,2,VALUE_IN_EUROS,2020,12920445.0
ESTAT:DS-045409(1.0),13/02/26 11:00:00,A,LT,WORLD,39199080,2,VALUE_IN_EUROS,2021,12332066.0
ESTAT:DS-045409(1.0),13/02/26 11:00:00,A,LT,WORLD,39199080,2,VALUE_IN_EUROS,2022,24295781.0
ESTAT:DS-045409(1.0),13/02/26 11:00:00,A,LT,WORLD,39199080,2,VALUE_IN_EUROS,2023,20706802.0
ESTAT:DS-045409(1.0),13/02/26 11:00:00,A,LT,WORLD,39199080,2,VALUE_IN_EUROS,2024,13853739.0
ESTAT:DS-045409(1.0),13/02/26 11:00:00,A,LU,WORLD,39199080,1,QUANTITY_IN_100KG,2017,217207.46
ESTAT:DS-045409(1.0),13/02/26 11:00:00,A,LU,WORLD,39199080,1,QUANTITY_IN_100KG,2018,173652.46
ESTAT:DS-045409(1.0),13/02/26 11:00:00,A,LU,WORLD,39199080,1,QUANTITY_IN_100KG,2019,144627.94
ESTAT:DS-045409(1.0),13/02/26 11:00:00,A,LU,WORLD,39199080,1,QUANTITY_IN_100KG,2020,164892.54
ESTAT:DS-045409(1.0),13/02/26 11:00:00,A,LU,WORLD,39199080,1,QUANTITY_IN_100KG,2021,185401.2
ESTAT:DS-045409(1.0),13/02/26 11:00:00,A,LU,WORLD,39199080,1,QUANTITY_IN_100KG,2022,184707.33
ESTAT:DS-045409(1.0),13/02/26 11:00:00,A,LU,WORLD,39199080,1,QUANTITY_IN_100KG,2023,156675.5
ESTAT:DS-045409(1.0),13/02/26 11:00:00,A,LU,WORLD,39199080,1,QUANTITY_IN_100KG,2024,174999.56
ESTAT:DS-045409(1.0),13/02/26 11:00:00,A,LU,WORLD,39199080,1,VALUE_IN_EUROS,2017,60766498.0
ESTAT:DS-045409(1.0),13/02/26 11:00:00,A,LU,WORLD,39199080,1,VALUE_IN_EUROS,2018,54878986.0
ESTAT:DS-045409(1.0),13/02/26 11:00:00,A,LU,WORLD,39199080,1,VALUE_IN_EUROS,2019,54949208.0
ESTAT:DS-045409(1.0),13/02/26 11:00:00,A,LU,WORLD,39199080,1,VALUE_IN_EUROS,2020,55600172.0
ESTAT:DS-045409(1.0),13/02/26 11:00:00,A,LU,WORLD,39199080,1,VALUE_IN_EUROS,2021,78095871.0
ESTAT:DS-045409(1.0),13/02/26 11:00:00,A,LU,WORLD,39199080,1,VALUE_IN_EUROS,2022,92612319.0
ESTAT:DS-045409(1.0),13/02/26 11:00:00,A,LU,WORLD,39199080,1,VALUE_IN_EUROS,2023,72486362.0
ESTAT:DS-045409(1.0),13/02/26 11:00:00,A,LU,WORLD,39199080,1,VALUE_IN_EUROS,2024,91825449.0
ESTAT:DS-045409(1.0),13/02/26 11:00:00,A,LU,WORLD,39199080,2,QUANTITY_IN_100KG,2017,599408.63
ESTAT:DS-045409(1.0),13/02/26 11:00:00,A,LU,WORLD,39199080,2,QUANTITY_IN_100KG,2018,781505.53
ESTAT:DS-045409(1.0),13/02/26 11:00:00,A,LU,WORLD,39199080,2,QUANTITY_IN_100KG,2019,958757.51
ESTAT:DS-045409(1.0),13/02/26 11:00:00,A,LU,WORLD,39199080,2,QUANTITY_IN_100KG,2020,1034557.35
ESTAT:DS-045409(1.0),13/02/26 11:00:00,A,LU,WORLD,39199080,2,QUANTITY_IN_100KG,2021,1092290.72
ESTAT:DS-045409(1.0),13/02/26 11:00:00,A,LU,WORLD,39199080,2,QUANTITY_IN_100KG,2022,1009617.65
ESTAT:DS-045409(1.0),13/02/26 11:00:00,A,LU,WORLD,39199080,2,QUANTITY_IN_100KG,2023,836555.76
ESTAT:DS-045409(1.0),13/02/26 11:00:00,A,LU,WORLD,39199080,2,QUANTITY_IN_100KG,2024,1043583.96
ESTAT:DS-045409(1.0),13/02/26 11:00:00,A,LU,WORLD,39199080,2,VALUE_IN_EUROS,2017,183798416.0
ESTAT:DS-045409(1.0),13/02/26 11:00:00,A,LU,WORLD,39199080,2,VALUE_IN_EUROS,2018,228164085.0
ESTAT:DS-045409(1.0),13/02/26 11:00:00,A,LU,WORLD,39199080,2,VALUE_IN_EUROS,2019,282643758.0
ESTAT:DS-045409(1.0),13/02/26 11:00:00,A,LU,WORLD,39199080,2,VALUE_IN_EUROS,2020,301152958.0
ESTAT:DS-045409(1.0),13/02/26 11:00:00,A,LU,WORLD,39199080,2,VALUE_IN_EUROS,2021,366861292.0
ESTAT:DS-045409(1.0),13/02/26 11:00:00,A,LU,WORLD,39199080,2,VALUE_IN_EUROS,2022,424842972.0
ESTAT:DS-045409(1.0),13/02/26 11:00:00,A,LU,WORLD,39199080,2,VALUE_IN_EUROS,2023,353568599.0
ESTAT:DS-045409(1.0),13/02/26 11:00:00,A,LU,WORLD,39199080,2,VALUE_IN_EUROS,2024,428072233.0
ESTAT:DS-045409(1.0),13/02/26 11:00:00,A,LV,WORLD,39199080,1,QUANTITY_IN_100KG,2017,15485.5
ESTAT:DS-045409(1.0),13/02/26 11:00:00,A,LV,WORLD,39199080,1,QUANTITY_IN_100KG,2018,14074.28
ESTAT:DS-045409(1.0),13/02/26 11:00:00,A,LV,WORLD,39199080,1,QUANTITY_IN_100KG,2019,15344.06
ESTAT:DS-045409(1.0),13/02/26 11:00:00,A,LV,WORLD,39199080,1,QUANTITY_IN_100KG,2020,18186.81
ESTAT:DS-045409(1.0),13/02/26 11:00:00,A,LV,WORLD,39199080,1,QUANTITY_IN_100KG,2021,18149.07
ESTAT:DS-045409(1.0),13/02/26 11:00:00,A,LV,WORLD,39199080,1,QUANTITY_IN_100KG,2022,17568.64
ESTAT:DS-045409(1.0),13/02/26 11:00:00,A,LV,WORLD,39199080,1,QUANTITY_IN_100KG,2023,14088.59
ESTAT:DS-045409(1.0),13/02/26 11:00:00,A,LV,WORLD,39199080,1,QUANTITY_IN_100KG,2024,16211.64
ESTAT:DS-045409(1.0),13/02/26 11:00:00,A,LV,WORLD,39199080,1,VALUE_IN_EUROS,2017,8602082.0
ESTAT:DS-045409(1.0),13/02/26 11:00:00,A,LV,WORLD,39199080,1,VALUE_IN_EUROS,2018,8509418.0
ESTAT:DS-045409(1.0),13/02/26 11:00:00,A,LV,WORLD,39199080,1,VALUE_IN_EUROS,2019,9603139.0
ESTAT:DS-045409(1.0),13/02/26 11:00:00,A,LV,WORLD,39199080,1,VALUE_IN_EUROS,2020,10140323.0
ESTAT:DS-045409(1.0),13/02/26 11:00:00,A,LV,WORLD,39199080,1,VALUE_IN_EUROS,2021,11685272.0
ESTAT:DS-045409(1.0),13/02/26 11:00:00,A,LV,WORLD,39199080,1,VALUE_IN_EUROS,2022,13087939.0
ESTAT:DS-045409(1.0),13/02/26 11:00:00,A,LV,WORLD,39199080,1,VALUE_IN_EUROS,2023,13973542.0
ESTAT:DS-045409(1.0),13/02/26 11:00:00,A,LV,WORLD,39199080,1,VALUE_IN_EUROS,2024,11979591.0
ESTAT:DS-045409(1.0),13/02/26 11:00:00,A,LV,WORLD,39199080,2,QUANTITY_IN_100KG,2017,5542.66
ESTAT:DS-045409(1.0),13/02/26 11:00:00,A,LV,WORLD,39199080,2,QUANTITY_IN_100KG,2018,3577.45
ESTAT:DS-045409(1.0),13/02/26 11:00:00,A,LV,WORLD,39199080,2,QUANTITY_IN_100KG,2019,3427.48
ESTAT:DS-045409(1.0),13/02/26 11:00:00,A,LV,WORLD,39199080,2,QUANTITY_IN_100KG,2020,3547.12
ESTAT:DS-045409(1.0),13/02/26 11:00:00,A,LV,WORLD,39199080,2,QUANTITY_IN_100KG,2021,4544.14
ESTAT:DS-045409(1.0),13/02/26 11:00:00,A,LV,WORLD,39199080,2,QUANTITY_IN_100KG,2022,6067.33
ESTAT:DS-045409(1.0),13/02/26 11:00:00,A,LV,WORLD,39199080,2,QUANTITY_IN_100KG,2023,5260.5
ESTAT:DS-045409(1.0),13/02/26 11:00:00,A,LV,WORLD,39199080,2,QUANTITY_IN_100KG,2024,3517.72
ESTAT:DS-045409(1.0),13/02/26 11:00:00,A,LV,WORLD,39199080,2,VALUE_IN_EUROS,2017,3111704.0
ESTAT:DS-045409(1.0),13/02/26 11:00:00,A,LV,WORLD,39199080,2,VALUE_IN_EUROS,2018,2546861.0
ESTAT:DS-045409(1.0),13/02/26 11:00:00,A,LV,WORLD,39199080,2,VALUE_IN_EUROS,2019,2754181.0
ESTAT:DS-045409(1.0),13/02/26 11:00:00,A,LV,WORLD,39199080,2,VALUE_IN_EUROS,2020,2830784.0
ESTAT:DS-045409(1.0),13/02/26 11:00:00,A,LV,WORLD,39199080,2,VALUE_IN_EUROS,2021,3918104.0
ESTAT:DS-045409(1.0),13/02/26 11:00:00,A,LV,WORLD,39199080,2,VALUE_IN_EUROS,2022,5778840.0
ESTAT:DS-045409(1.0),13/02/26 11:00:00,A,LV,WORLD,39199080,2,VALUE_IN_EUROS,2023,6092012.0
ESTAT:DS-045409(1.0),13/02/26 11:00:00,A,LV,WORLD,39199080,2,VALUE_IN_EUROS,2024,3838372.0
ESTAT:DS-045409(1.0),13/02/26 11:00:00,A,MT,WORLD,39199080,1,QUANTITY_IN_100KG,2017,1842.67
ESTAT:DS-045409(1.0),13/02/26 11:00:00,A,MT,WORLD,39199080,1,QUANTITY_IN_100KG,2018,3228.15
ESTAT:DS-045409(1.0),13/02/26 11:00:00,A,MT,WORLD,39199080,1,QUANTITY_IN_100KG,2019,6472.87
ESTAT:DS-045409(1.0),13/02/26 11:00:00,A,MT,WORLD,39199080,1,QUANTITY_IN_100KG,2020,2796.89
ESTAT:DS-045409(1.0),13/02/26 11:00:00,A,MT,WORLD,39199080,1,QUANTITY_IN_100KG,2021,5409.25
ESTAT:DS-045409(1.0),13/02/26 11:00:00,A,MT,WORLD,39199080,1,QUANTITY_IN_100KG,2022,4767.57
ESTAT:DS-045409(1.0),13/02/26 11:00:00,A,MT,WORLD,39199080,1,QUANTITY_IN_100KG,2023,3071.09
ESTAT:DS-045409(1.0),13/02/26 11:00:00,A,MT,WORLD,39199080,1,QUANTITY_IN_100KG,2024,3812.51
ESTAT:DS-045409(1.0),13/02/26 11:00:00,A,MT,WORLD,39199080,1,VALUE_IN_EUROS,2017,2744444.0
ESTAT:DS-045409(1.0),13/02/26 11:00:00,A,MT,WORLD,39199080,1,VALUE_IN_EUROS,2018,2678742.0
ESTAT:DS-045409(1.0),13/02/26 11:00:00,A,MT,WORLD,39199080,1,VALUE_IN_EUROS,2019,3147982.0
ESTAT:DS-045409(1.0),13/02/26 11:00:00,A,MT,WORLD,39199080,1,VALUE_IN_EUROS,2020,2719301.0
ESTAT:DS-045409(1.0),13/02/26 11:00:00,A,MT,WORLD,39199080,1,VALUE_IN_EUROS,2021,3130642.0
ESTAT:DS-045409(1.0),13/02/26 11:00:00,A,MT,WORLD,39199080,1,VALUE_IN_EUROS,2022,3712768.0
ESTAT:DS-045409(1.0),13/02/26 11:00:00,A,MT,WORLD,39199080,1,VALUE_IN_EUROS,2023,6210033.0
ESTAT:DS-045409(1.0),13/02/26 11:00:00,A,MT,WORLD,39199080,1,VALUE_IN_EUROS,2024,6898879.0
ESTAT:DS-045409(1.0),13/02/26 11:00:00,A,MT,WORLD,39199080,2,QUANTITY_IN_100KG,2017,83.31
ESTAT:DS-045409(1.0),13/02/26 11:00:00,A,MT,WORLD,39199080,2,QUANTITY_IN_100KG,2018,232.16
ESTAT:DS-045409(1.0),13/02/26 11:00:00,A,MT,WORLD,39199080,2,QUANTITY_IN_100KG,2019,680.22
ESTAT:DS-045409(1.0),13/02/26 11:00:00,A,MT,WORLD,39199080,2,QUANTITY_IN_100KG,2020,1060.92
ESTAT:DS-045409(1.0),13/02/26 11:00:00,A,MT,WORLD,39199080,2,QUANTITY_IN_100KG,2021,1615.94
ESTAT:DS-045409(1.0),13/02/26 11:00:00,A,MT,WORLD,39199080,2,QUANTITY_IN_100KG,2022,1182.68
ESTAT:DS-045409(1.0),13/02/26 11:00:00,A,MT,WORLD,39199080,2,QUANTITY_IN_100KG,2023,193.8
ESTAT:DS-045409(1.0),13/02/26 11:00:00,A,MT,WORLD,39199080,2,QUANTITY_IN_100KG,2024,13.63
ESTAT:DS-045409(1.0),13/02/26 11:00:00,A,MT,WORLD,39199080,2,VALUE_IN_EUROS,2017,64604.0
ESTAT:DS-045409(1.0),13/02/26 11:00:00,A,MT,WORLD,39199080,2,VALUE_IN_EUROS,2018,215941.0
ESTAT:DS-045409(1.0),13/02/26 11:00:00,A,MT,WORLD,39199080,2,VALUE_IN_EUROS,2019,641980.0
ESTAT:DS-045409(1.0),13/02/26 11:00:00,A,MT,WORLD,39199080,2,VALUE_IN_EUROS,2020,197100.0
ESTAT:DS-045409(1.0),13/02/26 11:00:00,A,MT,WORLD,39199080,2,VALUE_IN_EUROS,2021,237687.0
ESTAT:DS-045409(1.0),13/02/26 11:00:00,A,MT,WORLD,39199080,2,VALUE_IN_EUROS,2022,613201.0
ESTAT:DS-045409(1.0),13/02/26 11:00:00,A,MT,WORLD,39199080,2,VALUE_IN_EUROS,2023,118566.0
ESTAT:DS-045409(1.0),13/02/26 11:00:00,A,MT,WORLD,39199080,2,VALUE_IN_EUROS,2024,275286.0
ESTAT:DS-045409(1.0),13/02/26 11:00:00,A,NL,WORLD,39199080,1,QUANTITY_IN_100KG,2017,432697.54
ESTAT:DS-045409(1.0),13/02/26 11:00:00,A,NL,WORLD,39199080,1,QUANTITY_IN_100KG,2018,465763.02
ESTAT:DS-045409(1.0),13/02/26 11:00:00,A,NL,WORLD,39199080,1,QUANTITY_IN_100KG,2019,482217.13
ESTAT:DS-045409(1.0),13/02/26 11:00:00,A,NL,WORLD,39199080,1,QUANTITY_IN_100KG,2020,426827.29
ESTAT:DS-045409(1.0),13/02/26 11:00:00,A,NL,WORLD,39199080,1,QUANTITY_IN_100KG,2021,542597.45
ESTAT:DS-045409(1.0),13/02/26 11:00:00,A,NL,WORLD,39199080,1,QUANTITY_IN_100KG,2022,544086.76
ESTAT:DS-045409(1.0),13/02/26 11:00:00,A,NL,WORLD,39199080,1,QUANTITY_IN_100KG,2023,500565.58
ESTAT:DS-045409(1.0),13/02/26 11:00:00,A,NL,WORLD,39199080,1,QUANTITY_IN_100KG,2024,706066.09
ESTAT:DS-045409(1.0),13/02/26 11:00:00,A,NL,WORLD,39199080,1,VALUE_IN_EUROS,2017,253723878.0
ESTAT:DS-045409(1.0),13/02/26 11:00:00,A,NL,WORLD,39199080,1,VALUE_IN_EUROS,2018,255086956.0
ESTAT:DS-045409(1.0),13/02/26 11:00:00,A,NL,WORLD,39199080,1,VALUE_IN_EUROS,2019,282765809.0
ESTAT:DS-045409(1.0),13/02/26 11:00:00,A,NL,WORLD,39199080,1,VALUE_IN_EUROS,2020,285743760.0
ESTAT:DS-045409(1.0),13/02/26 11:00:00,A,NL,WORLD,39199080,1,VALUE_IN_EUROS,2021,346226866.0
ESTAT:DS-045409(1.0),13/02/26 11:00:00,A,NL,WORLD,39199080,1,VALUE_IN_EUROS,2022,401915557.0
ESTAT:DS-045409(1.0),13/02/26 11:00:00,A,NL,WORLD,39199080,1,VALUE_IN_EUROS,2023,389456709.0
ESTAT:DS-045409(1.0),13/02/26 11:00:00,A,NL,WORLD,39199080,1,VALUE_IN_EUROS,2024,395951299.0
ESTAT:DS-045409(1.0),13/02/26 11:00:00,A,NL,WORLD,39199080,2,QUANTITY_IN_100KG,2017,192603.97
ESTAT:DS-045409(1.0),13/02/26 11:00:00,A,NL,WORLD,39199080,2,QUANTITY_IN_100KG,2018,230465.1
ESTAT:DS-045409(1.0),13/02/26 11:00:00,A,NL,WORLD,39199080,2,QUANTITY_IN_100KG,2019,272084.47
ESTAT:DS-045409(1.0),13/02/26 11:00:00,A,NL,WORLD,39199080,2,QUANTITY_IN_100KG,2020,473691.75
ESTAT:DS-045409(1.0),13/02/26 11:00:00,A,NL,WORLD,39199080,2,QUANTITY_IN_100KG,2021,598512.42
ESTAT:DS-045409(1.0),13/02/26 11:00:00,A,NL,WORLD,39199080,2,QUANTITY_IN_100KG,2022,838855.06
ESTAT:DS-045409(1.0),13/02/26 11:00:00,A,NL,WORLD,39199080,2,QUANTITY_IN_100KG,2023,879336.45
ESTAT:DS-045409(1.0),13/02/26 11:00:00,A,NL,WORLD,39199080,2,QUANTITY_IN_100KG,2024,793968.28
ESTAT:DS-045409(1.0),13/02/26 11:00:00,A,NL,WORLD,39199080,2,VALUE_IN_EUROS,2017,144557834.0
ESTAT:DS-045409(1.0),13/02/26 11:00:00,A,NL,WORLD,39199080,2,VALUE_IN_EUROS,2018,165485365.0
ESTAT:DS-045409(1.0),13/02/26 11:00:00,A,NL,WORLD,39199080,2,VALUE_IN_EUROS,2019,175776429.0
ESTAT:DS-045409(1.0),13/02/26 11:00:00,A,NL,WORLD,39199080,2,VALUE_IN_EUROS,2020,286482388.0
ESTAT:DS-045409(1.0),13/02/26 11:00:00,A,NL,WORLD,39199080,2,VALUE_IN_EUROS,2021,359860616.0
ESTAT:DS-045409(1.0),13/02/26 11:00:00,A,NL,WORLD,39199080,2,VALUE_IN_EUROS,2022,503339187.0
ESTAT:DS-045409(1.0),13/02/26 11:00:00,A,NL,WORLD,39199080,2,VALUE_IN_EUROS,2023,446397243.0
ESTAT:DS-045409(1.0),13/02/26 11:00:00,A,NL,WORLD,39199080,2,VALUE_IN_EUROS,2024,509528523.0
ESTAT:DS-045409(1.0),13/02/26 11:00:00,A,PL,WORLD,39199080,1,QUANTITY_IN_100KG,2017,596315.44
ESTAT:DS-045409(1.0),13/02/26 11:00:00,A,PL,WORLD,39199080,1,QUANTITY_IN_100KG,2018,588048.88
ESTAT:DS-045409(1.0),13/02/26 11:00:00,A,PL,WORLD,39199080,1,QUANTITY_IN_100KG,2019,605225.34
ESTAT:DS-045409(1.0),13/02/26 11:00:00,A,PL,WORLD,39199080,1,QUANTITY_IN_100KG,2020,645009.28
ESTAT:DS-045409(1.0),13/02/26 11:00:00,A,PL,WORLD,39199080,1,QUANTITY_IN_100KG,2021,707551.03
ESTAT:DS-045409(1.0),13/02/26 11:00:00,A,PL,WORLD,39199080,1,QUANTITY_IN_100KG,2022,671292.51
ESTAT:DS-045409(1.0),13/02/26 11:00:00,A,PL,WORLD,39199080,1,QUANTITY_IN_100KG,2023,649945.44
ESTAT:DS-045409(1.0),13/02/26 11:00:00,A,PL,WORLD,39199080,1,QUANTITY_IN_100KG,2024,765710.82
ESTAT:DS-045409(1.0),13/02/26 11:00:00,A,PL,WORLD,39199080,1,VALUE_IN_EUROS,2017,272204903.0
ESTAT:DS-045409(1.0),13/02/26 11:00:00,A,PL,WORLD,39199080,1,VALUE_IN_EUROS,2018,273616275.0
ESTAT:DS-045409(1.0),13/02/26 11:00:00,A,PL,WORLD,39199080,1,VALUE_IN_EUROS,2019,311860573.0
ESTAT:DS-045409(1.0),13/02/26 11:00:00,A,PL,WORLD,39199080,1,VALUE_IN_EUROS,2020,321167086.0
ESTAT:DS-045409(1.0),13/02/26 11:00:00,A,PL,WORLD,39199080,1,VALUE_IN_EUROS,2021,392865490.0
ESTAT:DS-045409(1.0),13/02/26 11:00:00,A,PL,WORLD,39199080,1,VALUE_IN_EUROS,2022,427201966.0
ESTAT:DS-045409(1.0),13/02/26 11:00:00,A,PL,WORLD,39199080,1,VALUE_IN_EUROS,2023,417050848.0
ESTAT:DS-045409(1.0),13/02/26 11:00:00,A,PL,WORLD,39199080,1,VALUE_IN_EUROS,2024,474551291.0
ESTAT:DS-045409(1.0),13/02/26 11:00:00,A,PL,WORLD,39199080,2,QUANTITY_IN_100KG,2017,467801.38
ESTAT:DS-045409(1.0),13/02/26 11:00:00,A,PL,WORLD,39199080,2,QUANTITY_IN_100KG,2018,507465.37
ESTAT:DS-045409(1.0),13/02/26 11:00:00,A,PL,WORLD,39199080,2,QUANTITY_IN_100KG,2019,542733.94
ESTAT:DS-045409(1.0),13/02/26 11:00:00,A,PL,WORLD,39199080,2,QUANTITY_IN_100KG,2020,611954.78
ESTAT:DS-045409(1.0),13/02/26 11:00:00,A,PL,WORLD,39199080,2,QUANTITY_IN_100KG,2021,633785.54
ESTAT:DS-045409(1.0),13/02/26 11:00:00,A,PL,WORLD,39199080,2,QUANTITY_IN_100KG,2022,570215.84
ESTAT:DS-045409(1.0),13/02/26 11:00:00,A,PL,WORLD,39199080,2,QUANTITY_IN_100KG,2023,494609.42
ESTAT:DS-045409(1.0),13/02/26 11:00:00,A,PL,WORLD,39199080,2,QUANTITY_IN_100KG,2024,596440.75
ESTAT:DS-045409(1.0),13/02/26 11:00:00,A,PL,WORLD,39199080,2,VALUE_IN_EUROS,2017,195291408.0
ESTAT:DS-045409(1.0),13/02/26 11:00:00,A,PL,WORLD,39199080,2,VALUE_IN_EUROS,2018,233175038.0
ESTAT:DS-045409(1.0),13/02/26 11:00:00,A,PL,WORLD,39199080,2,VALUE_IN_EUROS,2019,269615241.0
ESTAT:DS-045409(1.0),13/02/26 11:00:00,A,PL,WORLD,39199080,2,VALUE_IN_EUROS,2020,293129863.0
ESTAT:DS-045409(1.0),13/02/26 11:00:00,A,PL,WORLD,39199080,2,VALUE_IN_EUROS,2021,358812610.0
ESTAT:DS-045409(1.0),13/02/26 11:00:00,A,PL,WORLD,39199080,2,VALUE_IN_EUROS,2022,376807226.0
ESTAT:DS-045409(1.0),13/02/26 11:00:00,A,PL,WORLD,39199080,2,VALUE_IN_EUROS,2023,363200636.0
ESTAT:DS-045409(1.0),13/02/26 11:00:00,A,PL,WORLD,39199080,2,VALUE_IN_EUROS,2024,401364142.0
ESTAT:DS-045409(1.0),13/02/26 11:00:00,A,PT,WORLD,39199080,1,QUANTITY_IN_100KG,2017,76148.03
ESTAT:DS-045409(1.0),13/02/26 11:00:00,A,PT,WORLD,39199080,1,QUANTITY_IN_100KG,2018,91870.96
ESTAT:DS-045409(1.0),13/02/26 11:00:00,A,PT,WORLD,39199080,1,QUANTITY_IN_100KG,2019,89240.44
ESTAT:DS-045409(1.0),13/02/26 11:00:00,A,PT,WORLD,39199080,1,QUANTITY_IN_100KG,2020,81244.83
ESTAT:DS-045409(1.0),13/02/26 11:00:00,A,PT,WORLD,39199080,1,QUANTITY_IN_100KG,2021,112970.46
ESTAT:DS-045409(1.0),13/02/26 11:00:00,A,PT,WORLD,39199080,1,QUANTITY_IN_100KG,2022,115303.44
ESTAT:DS-045409(1.0),13/02/26 11:00:00,A,PT,WORLD,39199080,1,QUANTITY_IN_100KG,2023,106319.89
ESTAT:DS-045409(1.0),13/02/26 11:00:00,A,PT,WORLD,39199080,1,QUANTITY_IN_100KG,2024,118470.08
ESTAT:DS-045409(1.0),13/02/26 11:00:00,A,PT,WORLD,39199080,1,VALUE_IN_EUROS,2017,39283726.0
ESTAT:DS-045409(1.0),13/02/26 11:00:00,A,PT,WORLD,39199080,1,VALUE_IN_EUROS,2018,44019194.0
ESTAT:DS-045409(1.0),13/02/26 11:00:00,A,PT,WORLD,39199080,1,VALUE_IN_EUROS,2019,45284468.0
ESTAT:DS-045409(1.0),13/02/26 11:00:00,A,PT,WORLD,39199080,1,VALUE_IN_EUROS,2020,42194827.0
ESTAT:DS-045409(1.0),13/02/26 11:00:00,A,PT,WORLD,39199080,1,VALUE_IN_EUROS,2021,55424683.0
ESTAT:DS-045409(1.0),13/02/26 11:00:00,A,PT,WORLD,39199080,1,VALUE_IN_EUROS,2022,65493271.0
ESTAT:DS-045409(1.0),13/02/26 11:00:00,A,PT,WORLD,39199080,1,VALUE_IN_EUROS,2023,64132654.0
ESTAT:DS-045409(1.0),13/02/26 11:00:00,A,PT,WORLD,39199080,1,VALUE_IN_EUROS,2024,71186678.0
ESTAT:DS-045409(1.0),13/02/26 11:00:00,A,PT,WORLD,39199080,2,QUANTITY_IN_100KG,2017,8922.63
ESTAT:DS-045409(1.0),13/02/26 11:00:00,A,PT,WORLD,39199080,2,QUANTITY_IN_100KG,2018,11596.99
ESTAT:DS-045409(1.0),13/02/26 11:00:00,A,PT,WORLD,39199080,2,QUANTITY_IN_100KG,2019,9333.09
ESTAT:DS-045409(1.0),13/02/26 11:00:00,A,PT,WORLD,39199080,2,QUANTITY_IN_100KG,2020,8076.93
ESTAT:DS-045409(1.0),13/02/26 11:00:00,A,PT,WORLD,39199080,2,QUANTITY_IN_100KG,2021,10764.31
ESTAT:DS-045409(1.0),13/02/26 11:00:00,A,PT,WORLD,39199080,2,QUANTITY_IN_100KG,2022,16009.01
ESTAT:DS-045409(1.0),13/02/26 11:00:00,A,PT,WORLD,39199080,2,QUANTITY_IN_100KG,2023,13890.04
ESTAT:DS-045409(1.0),13/02/26 11:00:00,A,PT,WORLD,39199080,2,QUANTITY_IN_100KG,2024,14550.74
ESTAT:DS-045409(1.0),13/02/26 11:00:00,A,PT,WORLD,39199080,2,VALUE_IN_EUROS,2017,5265906.0
ESTAT:DS-045409(1.0),13/02/26 11:00:00,A,PT,WORLD,39199080,2,VALUE_IN_EUROS,2018,5054990.0
ESTAT:DS-045409(1.0),13/02/26 11:00:00,A,PT,WORLD,39199080,2,VALUE_IN_EUROS,2019,4065391.0
ESTAT:DS-045409(1.0),13/02/26 11:00:00,A,PT,WORLD,39199080,2,VALUE_IN_EUROS,2020,3756568.0
ESTAT:DS-045409(1.0),13/02/26 11:00:00,A,PT,WORLD,39199080,2,VALUE_IN_EUROS,2021,5832234.0
ESTAT:DS-045409(1.0),13/02/26 11:00:00,A,PT,WORLD,39199080,2,VALUE_IN_EUROS,2022,10972552.0
ESTAT:DS-045409(1.0),13/02/26 11:00:00,A,PT,WORLD,39199080,2,VALUE_IN_EUROS,2023,10618958.0
ESTAT:DS-045409(1.0),13/02/26 11:00:00,A,PT,WORLD,39199080,2,VALUE_IN_EUROS,2024,8530797.0
ESTAT:DS-045409(1.0),13/02/26 11:00:00,A,RO,WORLD,39199080,1,QUANTITY_IN_100KG,2017,112987.22
ESTAT:DS-045409(1.0),13/02/26 11:00:00,A,RO,WORLD,39199080,1,QUANTITY_IN_100KG,2018,116182.43
ESTAT:DS-045409(1.0),13/02/26 11:00:00,A,RO,WORLD,39199080,1,QUANTITY_IN_100KG,2019,135089.48
ESTAT:DS-045409(1.0),13/02/26 11:00:00,A,RO,WORLD,39199080,1,QUANTITY_IN_100KG,2020,123653.93
ESTAT:DS-045409(1.0),13/02/26 11:00:00,A,RO,WORLD,39199080,1,QUANTITY_IN_100KG,2021,193596.91
ESTAT:DS-045409(1.0),13/02/26 11:00:00,A,RO,WORLD,39199080,1,QUANTITY_IN_100KG,2022,176491.81
ESTAT:DS-045409(1.0),13/02/26 11:00:00,A,RO,WORLD,39199080,1,QUANTITY_IN_100KG,2023,183502.15
ESTAT:DS-045409(1.0),13/02/26 11:00:00,A,RO,WORLD,39199080,1,QUANTITY_IN_100KG,2024,213479.12
ESTAT:DS-045409(1.0),13/02/26 11:00:00,A,RO,WORLD,39199080,1,VALUE_IN_EUROS,2017,56765297.0
ESTAT:DS-045409(1.0),13/02/26 11:00:00,A,RO,WORLD,39199080,1,VALUE_IN_EUROS,2018,63683714.0
ESTAT:DS-045409(1.0),13/02/26 11:00:00,A,RO,WORLD,39199080,1,VALUE_IN_EUROS,2019,70882585.0
ESTAT:DS-045409(1.0),13/02/26 11:00:00,A,RO,WORLD,39199080,1,VALUE_IN_EUROS,2020,68527107.0
ESTAT:DS-045409(1.0),13/02/26 11:00:00,A,RO,WORLD,39199080,1,VALUE_IN_EUROS,2021,90088947.0
ESTAT:DS-045409(1.0),13/02/26 11:00:00,A,RO,WORLD,39199080,1,VALUE_IN_EUROS,2022,102592619.0
ESTAT:DS-045409(1.0),13/02/26 11:00:00,A,RO,WORLD,39199080,1,VALUE_IN_EUROS,2023,106649190.0
ESTAT:DS-045409(1.0),13/02/26 11:00:00,A,RO,WORLD,39199080,1,VALUE_IN_EUROS,2024,135031682.0
ESTAT:DS-045409(1.0),13/02/26 11:00:00,A,RO,WORLD,39199080,2,QUANTITY_IN_100KG,2017,10057.32
ESTAT:DS-045409(1.0),13/02/26 11:00:00,A,RO,WORLD,39199080,2,QUANTITY_IN_100KG,2018,15184.11
ESTAT:DS-045409(1.0),13/02/26 11:00:00,A,RO,WORLD,39199080,2,QUANTITY_IN_100KG,2019,19843.26
ESTAT:DS-045409(1.0),13/02/26 11:00:00,A,RO,WORLD,39199080,2,QUANTITY_IN_100KG,2020,22219.13
ESTAT:DS-045409(1.0),13/02/26 11:00:00,A,RO,WORLD,39199080,2,QUANTITY_IN_100KG,2021,15572.68
ESTAT:DS-045409(1.0),13/02/26 11:00:00,A,RO,WORLD,39199080,2,QUANTITY_IN_100KG,2022,18761.83
ESTAT:DS-045409(1.0),13/02/26 11:00:00,A,RO,WORLD,39199080,2,QUANTITY_IN_100KG,2023,22498.09
ESTAT:DS-045409(1.0),13/02/26 11:00:00,A,RO,WORLD,39199080,2,QUANTITY_IN_100KG,2024,26152.02
ESTAT:DS-045409(1.0),13/02/26 11:00:00,A,RO,WORLD,39199080,2,VALUE_IN_EUROS,2017,7078894.0
ESTAT:DS-045409(1.0),13/02/26 11:00:00,A,RO,WORLD,39199080,2,VALUE_IN_EUROS,2018,8152920.0
ESTAT:DS-045409(1.0),13/02/26 11:00:00,A,RO,WORLD,39199080,2,VALUE_IN_EUROS,2019,13294315.0
ESTAT:DS-045409(1.0),13/02/26 11:00:00,A,RO,WORLD,39199080,2,VALUE_IN_EUROS,2020,13322518.0
ESTAT:DS-045409(1.0),13/02/26 11:00:00,A,RO,WORLD,39199080,2,VALUE_IN_EUROS,2021,17007463.0
ESTAT:DS-045409(1.0),13/02/26 11:00:00,A,RO,WORLD,39199080,2,VALUE_IN_EUROS,2022,15245024.0
ESTAT:DS-045409(1.0),13/02/26 11:00:00,A,RO,WORLD,39199080,2,VALUE_IN_EUROS,2023,14449771.0
ESTAT:DS-045409(1.0),13/02/26 11:00:00,A,RO,WORLD,39199080,2,VALUE_IN_EUROS,2024,15195964.0
ESTAT:DS-045409(1.0),13/02/26 11:00:00,A,SE,WORLD,39199080,1,QUANTITY_IN_100KG,2017,127297.64
ESTAT:DS-045409(1.0),13/02/26 11:00:00,A,SE,WORLD,39199080,1,QUANTITY_IN_100KG,2018,124638.79
ESTAT:DS-045409(1.0),13/02/26 11:00:00,A,SE,WORLD,39199080,1,QUANTITY_IN_100KG,2019,118565.0
ESTAT:DS-045409(1.0),13/02/26 11:00:00,A,SE,WORLD,39199080,1,QUANTITY_IN_100KG,2020,124363.03
ESTAT:DS-045409(1.0),13/02/26 11:00:00,A,SE,WORLD,39199080,1,QUANTITY_IN_100KG,2021,132862.86
ESTAT:DS-045409(1.0),13/02/26 11:00:00,A,SE,WORLD,39199080,1,QUANTITY_IN_100KG,2022,156536.16
ESTAT:DS-045409(1.0),13/02/26 11:00:00,A,SE,WORLD,39199080,1,QUANTITY_IN_100KG,2023,132980.37
ESTAT:DS-045409(1.0),13/02/26 11:00:00,A,SE,WORLD,39199080,1,QUANTITY_IN_100KG,2024,139523.22
ESTAT:DS-045409(1.0),13/02/26 11:00:00,A,SE,WORLD,39199080,1,VALUE_IN_EUROS,2017,91285596.0
ESTAT:DS-045409(1.0),13/02/26 11:00:00,A,SE,WORLD,39199080,1,VALUE_IN_EUROS,2018,92229645.0
ESTAT:DS-045409(1.0),13/02/26 11:00:00,A,SE,WORLD,39199080,1,VALUE_IN_EUROS,2019,81764773.0
ESTAT:DS-045409(1.0),13/02/26 11:00:00,A,SE,WORLD,39199080,1,VALUE_IN_EUROS,2020,85176805.0
ESTAT:DS-045409(1.0),13/02/26 11:00:00,A,SE,WORLD,39199080,1,VALUE_IN_EUROS,2021,96744123.0
ESTAT:DS-045409(1.0),13/02/26 11:00:00,A,SE,WORLD,39199080,1,VALUE_IN_EUROS,2022,124001403.0
ESTAT:DS-045409(1.0),13/02/26 11:00:00,A,SE,WORLD,39199080,1,VALUE_IN_EUROS,2023,115036652.0
ESTAT:DS-045409(1.0),13/02/26 11:00:00,A,SE,WORLD,39199080,1,VALUE_IN_EUROS,2024,116067632.0
ESTAT:DS-045409(1.0),13/02/26 11:00:00,A,SE,WORLD,39199080,2,QUANTITY_IN_100KG,2017,24170.98
ESTAT:DS-045409(1.0),13/02/26 11:00:00,A,SE,WORLD,39199080,2,QUANTITY_IN_100KG,2018,23729.26
ESTAT:DS-045409(1.0),13/02/26 11:00:00,A,SE,WORLD,39199080,2,QUANTITY_IN_100KG,2019,25991.3
ESTAT:DS-045409(1.0),13/02/26 11:00:00,A,SE,WORLD,39199080,2,QUANTITY_IN_100KG,2020,27036.06
ESTAT:DS-045409(1.0),13/02/26 11:00:00,A,SE,WORLD,39199080,2,QUANTITY_IN_100KG,2021,36818.79
ESTAT:DS-045409(1.0),13/02/26 11:00:00,A,SE,WORLD,39199080,2,QUANTITY_IN_100KG,2022,33598.4
ESTAT:DS-045409(1.0),13/02/26 11:00:00,A,SE,WORLD,39199080,2,QUANTITY_IN_100KG,2023,33564.19
ESTAT:DS-045409(1.0),13/02/26 11:00:00,A,SE,WORLD,39199080,2,QUANTITY_IN_100KG,2024,38623.72
ESTAT:DS-045409(1.0),13/02/26 11:00:00,A,SE,WORLD,39199080,2,VALUE_IN_EUROS,2017,25249139.0
ESTAT:DS-045409(1.0),13/02/26 11:00:00,A,SE,WORLD,39199080,2,VALUE_IN_EUROS,2018,23851818.0
ESTAT:DS-045409(1.0),13/02/26 11:00:00,A,SE,WORLD,39199080,2,VALUE_IN_EUROS,2019,26597516.0
ESTAT:DS-045409(1.0),13/02/26 11:00:00,A,SE,WORLD,39199080,2,VALUE_IN_EUROS,2020,29971568.0
ESTAT:DS-045409(1.0),13/02/26 11:00:00,A,SE,WORLD,39199080,2,VALUE_IN_EUROS,2021,45681852.0
ESTAT:DS-045409(1.0),13/02/26 11:00:00,A,SE,WORLD,39199080,2,VALUE_IN_EUROS,2022,51481821.0
ESTAT:DS-045409(1.0),13/02/26 11:00:00,A,SE,WORLD,39199080,2,VALUE_IN_EUROS,2023,61928891.0
ESTAT:DS-045409(1.0),13/02/26 11:00:00,A,SE,WORLD,39199080,2,VALUE_IN_EUROS,2024,74832498.0
ESTAT:DS-045409(1.0),13/02/26 11:00:00,A,SI,WORLD,39199080,1,QUANTITY_IN_100KG,2017,27994.35
ESTAT:DS-045409(1.0),13/02/26 11:00:00,A,SI,WORLD,39199080,1,QUANTITY_IN_100KG,2018,28246.51
ESTAT:DS-045409(1.0),13/02/26 11:00:00,A,SI,WORLD,39199080,1,QUANTITY_IN_100KG,2019,28314.32
ESTAT:DS-045409(1.0),13/02/26 11:00:00,A,SI,WORLD,39199080,1,QUANTITY_IN_100KG,2020,26821.92
ESTAT:DS-045409(1.0),13/02/26 11:00:00,A,SI,WORLD,39199080,1,QUANTITY_IN_100KG,2021,33363.52
ESTAT:DS-045409(1.0),13/02/26 11:00:00,A,SI,WORLD,39199080,1,QUANTITY_IN_100KG,2022,37169.02
ESTAT:DS-045409(1.0),13/02/26 11:00:00,A,SI,WORLD,39199080,1,QUANTITY_IN_100KG,2023,42287.13
ESTAT:DS-045409(1.0),13/02/26 11:00:00,A,SI,WORLD,39199080,1,QUANTITY_IN_100KG,2024,40242.85
ESTAT:DS-045409(1.0),13/02/26 11:00:00,A,SI,WORLD,39199080,1,VALUE_IN_EUROS,2017,25551128.0
ESTAT:DS-045409(1.0),13/02/26 11:00:00,A,SI,WORLD,39199080,1,VALUE_IN_EUROS,2018,29191412.0
ESTAT:DS-045409(1.0),13/02/26 11:00:00,A,SI,WORLD,39199080,1,VALUE_IN_EUROS,2019,29281756.0
ESTAT:DS-045409(1.0),13/02/26 11:00:00,A,SI,WORLD,39199080,1,VALUE_IN_EUROS,2020,27018534.0
ESTAT:DS-045409(1.0),13/02/26 11:00:00,A,SI,WORLD,39199080,1,VALUE_IN_EUROS,2021,33525806.0
ESTAT:DS-045409(1.0),13/02/26 11:00:00,A,SI,WORLD,39199080,1,VALUE_IN_EUROS,2022,41677399.0
ESTAT:DS-045409(1.0),13/02/26 11:00:00,A,SI,WORLD,39199080,1,VALUE_IN_EUROS,2023,47607737.0
ESTAT:DS-045409(1.0),13/02/26 11:00:00,A,SI,WORLD,39199080,1,VALUE_IN_EUROS,2024,44520265.0
ESTAT:DS-045409(1.0),13/02/26 11:00:00,A,SI,WORLD,39199080,2,QUANTITY_IN_100KG,2017,8720.86
ESTAT:DS-045409(1.0),13/02/26 11:00:00,A,SI,WORLD,39199080,2,QUANTITY_IN_100KG,2018,12845.84
ESTAT:DS-045409(1.0),13/02/26 11:00:00,A,SI,WORLD,39199080,2,QUANTITY_IN_100KG,2019,12128.74
ESTAT:DS-045409(1.0),13/02/26 11:00:00,A,SI,WORLD,39199080,2,QUANTITY_IN_100KG,2020,13639.97
ESTAT:DS-045409(1.0),13/02/26 11:00:00,A,SI,WORLD,39199080,2,QUANTITY_IN_100KG,2021,12287.76
ESTAT:DS-045409(1.0),13/02/26 11:00:00,A,SI,WORLD,39199080,2,QUANTITY_IN_100KG,2022,22146.21
ESTAT:DS-045409(1.0),13/02/26 11:00:00,A,SI,WORLD,39199080,2,QUANTITY_IN_100KG,2023,27522.1
ESTAT:DS-045409(1.0),13/02/26 11:00:00,A,SI,WORLD,39199080,2,QUANTITY_IN_100KG,2024,17807.2
ESTAT:DS-045409(1.0),13/02/26 11:00:00,A,SI,WORLD,39199080,2,VALUE_IN_EUROS,2017,6551061.0
ESTAT:DS-045409(1.0),13/02/26 11:00:00,A,SI,WORLD,39199080,2,VALUE_IN_EUROS,2018,8512375.0
ESTAT:DS-045409(1.0),13/02/26 11:00:00,A,SI,WORLD,39199080,2,VALUE_IN_EUROS,2019,11399794.0
ESTAT:DS-045409(1.0),13/02/26 11:00:00,A,SI,WORLD,39199080,2,VALUE_IN_EUROS,2020,10742920.0
ESTAT:DS-045409(1.0),13/02/26 11:00:00,A,SI,WORLD,39199080,2,VALUE_IN_EUROS,2021,13400347.0
ESTAT:DS-045409(1.0),13/02/26 11:00:00,A,SI,WORLD,39199080,2,VALUE_IN_EUROS,2022,23800520.0
ESTAT:DS-045409(1.0),13/02/26 11:00:00,A,SI,WORLD,39199080,2,VALUE_IN_EUROS,2023,35230942.0
ESTAT:DS-045409(1.0),13/02/26 11:00:00,A,SI,WORLD,39199080,2,VALUE_IN_EUROS,2024,28522191.0
ESTAT:DS-045409(1.0),13/02/26 11:00:00,A,SK,WORLD,39199080,1,QUANTITY_IN_100KG,2017,44647.55
ESTAT:DS-045409(1.0),13/02/26 11:00:00,A,SK,WORLD,39199080,1,QUANTITY_IN_100KG,2018,55291.63
ESTAT:DS-045409(1.0),13/02/26 11:00:00,A,SK,WORLD,39199080,1,QUANTITY_IN_100KG,2019,46074.87
ESTAT:DS-045409(1.0),13/02/26 11:00:00,A,SK,WORLD,39199080,1,QUANTITY_IN_100KG,2020,50571.99
ESTAT:DS-045409(1.0),13/02/26 11:00:00,A,SK,WORLD,39199080,1,QUANTITY_IN_100KG,2021,54827.89
ESTAT:DS-045409(1.0),13/02/26 11:00:00,A,SK,WORLD,39199080,1,QUANTITY_IN_100KG,2022,84837.66
ESTAT:DS-045409(1.0),13/02/26 11:00:00,A,SK,WORLD,39199080,1,QUANTITY_IN_100KG,2023,67549.58
ESTAT:DS-045409(1.0),13/02/26 11:00:00,A,SK,WORLD,39199080,1,QUANTITY_IN_100KG,2024,62236.14
ESTAT:DS-045409(1.0),13/02/26 11:00:00,A,SK,WORLD,39199080,1,VALUE_IN_EUROS,2017,37180441.0
ESTAT:DS-045409(1.0),13/02/26 11:00:00,A,SK,WORLD,39199080,1,VALUE_IN_EUROS,2018,43140257.0
ESTAT:DS-045409(1.0),13/02/26 11:00:00,A,SK,WORLD,39199080,1,VALUE_IN_EUROS,2019,45128392.0
ESTAT:DS-045409(1.0),13/02/26 11:00:00,A,SK,WORLD,39199080,1,VALUE_IN_EUROS,2020,48648073.0
ESTAT:DS-045409(1.0),13/02/26 11:00:00,A,SK,WORLD,39199080,1,VALUE_IN_EUROS,2021,58410447.0
ESTAT:DS-045409(1.0),13/02/26 11:00:00,A,SK,WORLD,39199080,1,VALUE_IN_EUROS,2022,91787754.0
ESTAT:DS-045409(1.0),13/02/26 11:00:00,A,SK,WORLD,39199080,1,VALUE_IN_EUROS,2023,80920956.0
ESTAT:DS-045409(1.0),13/02/26 11:00:00,A,SK,WORLD,39199080,1,VALUE_IN_EUROS,2024,79343136.0
ESTAT:DS-045409(1.0),13/02/26 11:00:00,A,SK,WORLD,39199080,2,QUANTITY_IN_100KG,2017,11534.54
ESTAT:DS-045409(1.0),13/02/26 11:00:00,A,SK,WORLD,39199080,2,QUANTITY_IN_100KG,2018,20717.4
ESTAT:DS-045409(1.0),13/02/26 11:00:00,A,SK,WORLD,39199080,2,QUANTITY_IN_100KG,2019,14627.16
ESTAT:DS-045409(1.0),13/02/26 11:00:00,A,SK,WORLD,39199080,2,QUANTITY_IN_100KG,2020,18183.15
ESTAT:DS-045409(1.0),13/02/26 11:00:00,A,SK,WORLD,39199080,2,QUANTITY_IN_100KG,2021,26080.89
ESTAT:DS-045409(1.0),13/02/26 11:00:00,A,SK,WORLD,39199080,2,QUANTITY_IN_100KG,2022,21168.25
ESTAT:DS-045409(1.0),13/02/26 11:00:00,A,SK,WORLD,39199080,2,QUANTITY_IN_100KG,2023,20475.38
ESTAT:DS-045409(1.0),13/02/26 11:00:00,A,SK,WORLD,39199080,2,QUANTITY_IN_100KG,2024,24684.78
ESTAT:DS-045409(1.0),13/02/26 11:00:00,A,SK,WORLD,39199080,2,VALUE_IN_EUROS,2017,10541375.0
ESTAT:DS-045409(1.0),13/02/26 11:00:00,A,SK,WORLD,39199080,2,VALUE_IN_EUROS,2018,14552842.0
ESTAT:DS-045409(1.0),13/02/26 11:00:00,A,SK,WORLD,39199080,2,VALUE_IN_EUROS,2019,16268134.0
ESTAT:DS-045409(1.0),13/02/26 11:00:00,A,SK,WORLD,39199080,2,VALUE_IN_EUROS,2020,22542586.0
ESTAT:DS-045409(1.0),13/02/26 11:00:00,A,SK,WORLD,39199080,2,VALUE_IN_EUROS,2021,30469274.0
ESTAT:DS-045409(1.0),13/02/26 11:00:00,A,SK,WORLD,39199080,2,VALUE_IN_EUROS,2022,29468958.0
ESTAT:DS-045409(1.0),13/02/26 11:00:00,A,SK,WORLD,39199080,2,VALUE_IN_EUROS,2023,29278646.0
ESTAT:DS-045409(1.0),13/02/26 11:00:00,A,SK,WORLD,39199080,2,VALUE_IN_EUROS,2024,34420872.0
