ticker,company,app_category,country,title,publisher,link,published_at
NESN.SW,Nestlé,Food,Switzerland,Is Nestlé (SWX:NESN) Offering Value At Today’s Price After Years Of Share Price Weakness,Simply Wall St.,https://finance.yahoo.com/news/nestl-swx-nesn-offering-value-230729404.html,
NESN.SW,Nestlé,Food,Switzerland,"The Hershey Company (HSY) Partners With Lindt, Mars, Mondelez, Nestlé on TogetherCocoa",Insider Monkey,https://finance.yahoo.com/news/hershey-company-hsy-partners-lindt-190141801.html,
NESN.SW,Nestlé,Food,Switzerland,Golden Corral’s new CFO brings global expertise to drive expansion,Nation's Restaurant News,https://www.nrn.com/casual-dining/golden-corral-s-new-cfo-brings-global-expertise-to-drive-expansion,
NESN.SW,Nestlé,Food,Switzerland,Nestlé Refocuses Coffee Portfolio As Blue Bottle Cafés Shift To Centurium,Simply Wall St.,https://finance.yahoo.com/news/nestl-refocuses-coffee-portfolio-blue-190854697.html,
NESN.SW,Nestlé,Food,Switzerland,Nestlé USA enters at-home condiments space with new sauce brand,Food Dive,https://www.fooddive.com/news/embargoed-until-6-pm-nestle-usa-launches-new-sauce-condiment-offering/814082/,
NESN.SW,Nestlé,Food,Switzerland,California Pizza Kitchen extending retail lineup beyond frozen pizza,Nation's Restaurant News,https://www.nrn.com/casual-dining/california-pizza-kitchen-extending-retail-lineup-beyond-frozen-pizza,
NESN.SW,Nestlé,Food,Switzerland,Luckin Coffee Backer Buys Blue Bottle And Expands Global Coffee Options,Simply Wall St.,https://finance.yahoo.com/news/luckin-coffee-backer-buys-blue-050714916.html,
NESN.SW,Nestlé,Food,Switzerland,Chinese coffee titan set to buy Oakland-born Blue Bottle Coffee,LA Times,https://finance.yahoo.com/news/chinese-coffee-titan-set-buy-110000114.html,
NESN.SW,Nestlé,Food,Switzerland,Centurium Capital in talks to acquire Blue Bottle Coffee – report,Verdict Food Service,https://www.verdictfoodservice.com/news/centurium-capital-in-talks/,
NESN.SW,Nestlé,Food,Switzerland,Nestlé Recall Puts Infant Formula Safety And Long Term Returns In Focus,Simply Wall St.,https://finance.yahoo.com/news/nestl-recall-puts-infant-formula-231214587.html,
BN.PA,Danone,Food,France,Two weeks to go: dairy leaders to convene for Amsterdam conference,Just Food,https://www.just-food.com/news/dairy-industry-innovation-amsterdam-conference/,
BN.PA,Danone,Food,France,Is Danone (ENXTPA:BN) Attractively Priced After Recent Share Price Performance?,Simply Wall St.,https://finance.yahoo.com/news/danone-enxtpa-bn-attractively-priced-201239223.html,
BN.PA,Danone,Food,France,“Changes are being made” – infant-formula makers scramble amid latest recall,Just Food,https://www.just-food.com/features/changes-are-being-made-infant-formula-makers-scramble-amid-latest-recall/,
BN.PA,Danone,Food,France,Danone Infant Formula Recall Tests Nutrition Strategy And 2026 Growth Outlook,Simply Wall St.,https://finance.yahoo.com/news/danone-infant-formula-recall-tests-051444350.html,
BN.PA,Danone,Food,France,Why The Danone (ENXTPA:BN) Story Is Shifting As Analyst Targets Diverge Around €80,Simply Wall St.,https://finance.yahoo.com/news/why-danone-enxtpa-bn-story-231505912.html,
BN.PA,Danone,Food,France,Assessing Danone (ENXTPA:BN) Valuation After Mixed Recent Returns And Premium Nutrition Push,Simply Wall St.,https://finance.yahoo.com/news/assessing-danone-enxtpa-bn-valuation-151333321.html,
BN.PA,Danone,Food,France,Danone quantifies first-quarter sales impact from infant-formula recall,Just Food,https://www.just-food.com/news/danone-quantifies-first-quarter-sales-impact-from-infant-formula-recall/,
BN.PA,Danone,Food,France,"Danone Reports 4.7% Sales Growth, Flags Formula Recall Impact",GuruFocus.com,https://finance.yahoo.com/news/danone-reports-4-7-sales-203944485.html,
BN.PA,Danone,Food,France,Food group Danone confident about 2026 after China drives 2025 sales,Reuters Videos,https://finance.yahoo.com/video/food-group-danone-confident-2026-105559831.html,
BN.PA,Danone,Food,France,"Danone Forecasts Steady Sales Growth, Limited Hit From Infant-Formula Recalls",The Wall Street Journal,https://www.wsj.com/business/earnings/danone-posts-revenue-rise-amid-infant-formula-recalls-143eb90d?siteid=yhoof2&yptr=yahoo,
ABF.L,Assoc British Foods,Food,UK,Primark appoints new permanent boss as parent firm reviews spin-off,PA Media: Money,https://uk.finance.yahoo.com/news/primark-appoints-permanent-boss-parent-121828886.html,
ABF.L,Assoc British Foods,Food,UK,Primark confirms Eoin Tonge as chief executive officer,Just Style,https://www.just-style.com/news/primark-eoin-tonge-ceo/,
ABF.L,Assoc British Foods,Food,UK,Elementis H2 Earnings Call Highlights,MarketBeat,https://www.marketbeat.com/instant-alerts/elementis-h2-earnings-call-highlights-2026-03-05/?utm_source=yahoofinance&utm_medium=yahoofinance,
ABF.L,Assoc British Foods,Food,UK,Primark Gets Permanent CEO as Owner ABF Looks to Steady Ship,The Wall Street Journal,https://www.wsj.com/business/retail/primark-gets-permanent-ceo-as-owner-abf-looks-to-steady-ship-b2108daa?siteid=yhoof2&yptr=yahoo,
ABF.L,Assoc British Foods,Food,UK,Should Value Investors Buy Associated British Foods (ASBFY) Stock?,Zacks,https://finance.yahoo.com/news/value-investors-buy-associated-british-144004304.html,
ABF.L,Assoc British Foods,Food,UK,How The Story Is Shifting For Associated British Foods (LSE:ABF) After Analyst Downgrades,Simply Wall St.,https://finance.yahoo.com/news/story-shifting-associated-british-foods-130814815.html,
ABF.L,Assoc British Foods,Food,UK,What Makes Associated British Foods (ASBFY) a New Strong Buy Stock,Zacks,https://finance.yahoo.com/news/makes-associated-british-foods-asbfy-170004830.html,
ABF.L,Assoc British Foods,Food,UK,Best Income Stocks to Buy for February 26th,Zacks,https://finance.yahoo.com/news/best-income-stocks-buy-february-093000586.html,
ABF.L,Assoc British Foods,Food,UK,Best Value Stocks to Buy for February 26th,Zacks,https://finance.yahoo.com/news/best-value-stocks-buy-february-092100598.html,
ABF.L,Assoc British Foods,Food,UK,Are Investors Undervaluing Associated British Foods (ASBFY) Right Now?,Zacks,https://finance.yahoo.com/news/investors-undervaluing-associated-british-foods-144003141.html,
ORK.OL,Orkla,Food,Norway,"Orkla buys Austrian maker of margerines, sauces Senna",Just Food,https://www.just-food.com/news/orkla-buys-senna/,
ORK.OL,Orkla,Food,Norway,Orkla ASA (ORKLY) Q4 2025 Earnings Call Highlights: Strong Organic Growth and Profitability Boost,GuruFocus.com,https://finance.yahoo.com/news/orkla-asa-orkly-q4-2025-150156075.html,
ORK.OL,Orkla,Food,Norway,Top European Dividend Stocks To Consider In February 2026,Simply Wall St.,https://finance.yahoo.com/news/top-european-dividend-stocks-consider-053141794.html,
ORK.OL,Orkla,Food,Norway,Top European Dividend Stocks For December 2025,Simply Wall St.,https://finance.yahoo.com/news/top-european-dividend-stocks-december-103149414.html,
ORK.OL,Orkla,Food,Norway,3 European Dividend Stocks Yielding Up To 9.3%,Simply Wall St.,https://finance.yahoo.com/news/3-european-dividend-stocks-yielding-053150386.html,
ORK.OL,Orkla,Food,Norway,Orkla (OB:ORK) Is Up 5.9% After Q3 Results and Buyback Program Announcement - Has The Bull Case Changed?,Simply Wall St.,https://finance.yahoo.com/news/orkla-ob-ork-5-9-151256579.html,
ORK.OL,Orkla,Food,Norway,Orkla (OB:ORK) Valuation in Focus Following Recent Share Price Gains,Simply Wall St.,https://finance.yahoo.com/news/orkla-ob-ork-valuation-focus-110828055.html,
ORK.OL,Orkla,Food,Norway,Orkla ASA (ORKLF) Q3 2025 Earnings Call Highlights: Strong Organic Growth and Strategic Milestones,GuruFocus.com,https://finance.yahoo.com/news/orkla-asa-orklf-q3-2025-150034035.html,
ORK.OL,Orkla,Food,Norway,Orkla to close Dragsbaek pasta factory in Denmark,Just Food,https://www.just-food.com/news/orkla-to-close-dragsbaek-pasta-factory-in-denmark/,
ORK.OL,Orkla,Food,Norway,Orkla’s India unit IPO opens next week,Just Food,https://www.just-food.com/news/orkla-india-ipo-to-open/,
ABI.BR,AB InBev,Beverage,Belgium,Is AB InBev's Beyond Beer Push a Meaningful Growth Driver?,Zacks,https://finance.yahoo.com/news/ab-inbevs-beyond-beer-push-132600547.html,
ABI.BR,AB InBev,Beverage,Belgium,Stagflation Fears Are Returning: Grab These 5 Safe High-Yield Dividend Kings Now,24/7 Wall St.,https://247wallst.com/investing/2026/03/10/stagflation-fears-are-returning-grab-these-5-safe-high-yield-dividend-kings-now/,
ABI.BR,AB InBev,Beverage,Belgium,Anheuser-Busch InBev SA/NV (BUD) Exceeds Fourth-quarter Profit and Revenue Projections,Insider Monkey,https://finance.yahoo.com/news/anheuser-busch-inbev-sa-nv-152213041.html,
ABI.BR,AB InBev,Beverage,Belgium,A Look At Anheuser-Busch InBev (ENXTBR:ABI) Valuation After Recent Share Price Momentum,Simply Wall St.,https://finance.yahoo.com/news/look-anheuser-busch-inbev-enxtbr-221601436.html,
ABI.BR,AB InBev,Beverage,Belgium,"Zacks Investment Ideas feature highlights: Heineken, AnheuserBusch and Carlsberg",Zacks,https://finance.yahoo.com/news/zacks-investment-ideas-feature-highlights-064900419.html,
ABI.BR,AB InBev,Beverage,Belgium,"Monster Beverage Q4 Earnings Beat Estimates, Sales Increase Y/Y",Zacks,https://finance.yahoo.com/news/monster-beverage-q4-earnings-beat-175900337.html,
ABI.BR,AB InBev,Beverage,Belgium,"Beer Stocks are Breaking Out (BUD, HEINY, CABGY)",Zacks,https://finance.yahoo.com/news/beer-stocks-breaking-bud-heiny-173100160.html,
ABI.BR,AB InBev,Beverage,Belgium,"FEMSA Q4 Earnings Miss, Revenues Top Estimates on Segment Strength",Zacks,https://finance.yahoo.com/news/femsa-q4-earnings-miss-revenues-161700127.html,
ABI.BR,AB InBev,Beverage,Belgium,BUD vs. SAM: Which Stock Is the Better Value Option?,Zacks,https://finance.yahoo.com/news/bud-vs-sam-stock-better-164005318.html,
ABI.BR,AB InBev,Beverage,Belgium,European Equities Traded in the US as American Depositary Receipts Rise in Wednesday Trading,MT Newswires,https://finance.yahoo.com/news/european-equities-traded-us-american-161620666.html,
HEIA.AS,Heineken,Beverage,Netherlands,Heineken launches zero-calorie non-alc beer,Just Drinks,https://www.just-drinks.com/news/heineken-launches-zero-calorie-non-alc-beer/,
HEIA.AS,Heineken,Beverage,Netherlands,Is Heineken (ENXTAM:HEIA) Offering A Long Term Opportunity After Recent Share Price Weakness,Simply Wall St.,https://finance.yahoo.com/news/heineken-enxtam-heia-offering-long-080714786.html,
HEIA.AS,Heineken,Beverage,Netherlands,HEINY vs. SAM: Which Stock Is the Better Value Option?,Zacks,https://finance.yahoo.com/news/heiny-vs-sam-stock-better-154001900.html,
HEIA.AS,Heineken,Beverage,Netherlands,Is AB InBev's Beyond Beer Push a Meaningful Growth Driver?,Zacks,https://finance.yahoo.com/news/ab-inbevs-beyond-beer-push-132600547.html,
HEIA.AS,Heineken,Beverage,Netherlands,Anheuser-Busch InBev SA/NV (BUD) Exceeds Fourth-quarter Profit and Revenue Projections,Insider Monkey,https://finance.yahoo.com/news/anheuser-busch-inbev-sa-nv-152213041.html,
HEIA.AS,Heineken,Beverage,Netherlands,Heineken (ENXTAM:HEIA) Valuation Check After Recent Share Price Momentum,Simply Wall St.,https://finance.yahoo.com/news/heineken-enxtam-heia-valuation-check-140835954.html,
HEIA.AS,Heineken,Beverage,Netherlands,"The Zacks Analyst Blog Highlights Allstate, Koninklijke Philips and Heineken",Zacks,https://finance.yahoo.com/news/zacks-analyst-blog-highlights-allstate-100900968.html,
HEIA.AS,Heineken,Beverage,Netherlands,Heineken looks to preserve Irish pub culture with documentary,Marketing Dive,https://www.marketingdive.com/news/heineken-looks-to-preserve-irish-pub-culture-with-documentary/813558/,
HEIA.AS,Heineken,Beverage,Netherlands,"Zacks Investment Ideas feature highlights: Heineken, AnheuserBusch and Carlsberg",Zacks,https://finance.yahoo.com/news/zacks-investment-ideas-feature-highlights-064900419.html,
HEIA.AS,Heineken,Beverage,Netherlands,"Beer Stocks are Breaking Out (BUD, HEINY, CABGY)",Zacks,https://finance.yahoo.com/news/beer-stocks-breaking-bud-heiny-173100160.html,
DGE.L,Diageo,Beverage,UK,A Mix of Cyclical and Structural Demand Headwinds Hurt Diageo (DEO),Insider Monkey,https://finance.yahoo.com/news/mix-cyclical-structural-demand-headwinds-132011218.html,
DGE.L,Diageo,Beverage,UK,Diageo Tests Johnnie Walker Red Soul As Valuation Gap Widens,Simply Wall St.,https://finance.yahoo.com/news/diageo-tests-johnnie-walker-red-070758340.html,
DGE.L,Diageo,Beverage,UK,Diageo (DEO) Slid on Softening Demand Trends,Insider Monkey,https://finance.yahoo.com/news/diageo-deo-slid-softening-demand-131044607.html,
DGE.L,Diageo,Beverage,UK,Spirits’ struggles mean more cautious majors – and harder task for startups,Just Drinks,https://www.just-drinks.com/comment/spirits-struggles-mean-more-cautious-majors-and-harder-task-for-startups/,
DGE.L,Diageo,Beverage,UK,Diageo launches “more accessible” Johnnie Walker Scotch,Just Drinks,https://www.just-drinks.com/news/diageo-launches-more-accessible-johnnie-walker-scotch/,
DGE.L,Diageo,Beverage,UK,Assessing Diageo (LSE:DGE) Valuation After Recent Share Price Weakness,Simply Wall St.,https://finance.yahoo.com/news/assessing-diageo-lse-dge-valuation-141254384.html,
DGE.L,Diageo,Beverage,UK,Is There Now An Opportunity In Diageo (LSE:DGE) After The Recent Share Price Slump,Simply Wall St.,https://finance.yahoo.com/news/now-opportunity-diageo-lse-dge-091017934.html,
DGE.L,Diageo,Beverage,UK,Diageo Reshapes Footprint As Plant Closure And Asahi Sale Test Valuation,Simply Wall St.,https://finance.yahoo.com/news/diageo-reshapes-footprint-plant-closure-220853404.html,
DGE.L,Diageo,Beverage,UK,Diageo plc (DEO) Reports Fiscal 2026 First-Half Results,Insider Monkey,https://finance.yahoo.com/news/diageo-plc-deo-reports-fiscal-152209292.html,
DGE.L,Diageo,Beverage,UK,HSBC Turns Cautious on Diageo plc (DEO) Following Guidance Revision,Insider Monkey,https://finance.yahoo.com/news/hsbc-turns-cautious-diageo-plc-111508466.html,
CCH.L,Coca-Cola HBC,Beverage,UK,Coca-Cola HBC (CCHGY) Upgraded to Buy: Here's What You Should Know,Zacks,https://finance.yahoo.com/news/coca-cola-hbc-cchgy-upgraded-160004010.html,
CCH.L,Coca-Cola HBC,Beverage,UK,Is Coca-Cola HBC (CCHGY) Outperforming Other Consumer Staples Stocks This Year?,Zacks,https://finance.yahoo.com/news/coca-cola-hbc-cchgy-outperforming-134003406.html,
CCH.L,Coca-Cola HBC,Beverage,UK,"Coca-Cola HBC (CCHGY) Could Find a Support Soon, Here's Why You Should Buy the Stock Now",Zacks,https://finance.yahoo.com/news/coca-cola-hbc-cchgy-could-145501827.html,
CCH.L,Coca-Cola HBC,Beverage,UK,How The Coca-Cola HBC (LSE:CCH) Narrative Is Shifting With New Targets And Valuation Assumptions,Simply Wall St.,https://finance.yahoo.com/news/coca-cola-hbc-lse-cch-201015051.html,
CCH.L,Coca-Cola HBC,Beverage,UK,Are Consumer Staples Stocks Lagging  Coca-Cola HBC (CCHGY) This Year?,Zacks,https://finance.yahoo.com/news/consumer-staples-stocks-lagging-coca-144004888.html,
CCH.L,Coca-Cola HBC,Beverage,UK,A Look At The Fair Value Of Coca-Cola HBC AG (LON:CCH),Simply Wall St.,https://finance.yahoo.com/news/look-fair-value-coca-cola-084803744.html,
CCH.L,Coca-Cola HBC,Beverage,UK,Coca-Cola HBC AG (CCHBF) Full Year 2025 Earnings Call Highlights: Strong Organic Growth and ...,GuruFocus.com,https://finance.yahoo.com/news/coca-cola-hbc-ag-cchbf-150212446.html,
CCH.L,Coca-Cola HBC,Beverage,UK,Coca-Cola HBC H2 Earnings Call Highlights,MarketBeat,https://www.marketbeat.com/instant-alerts/coca-cola-hbc-h2-earnings-call-highlights-2026-02-10/?utm_source=yahoofinance&utm_medium=yahoofinance,
CCH.L,Coca-Cola HBC,Beverage,UK,"Coca-Cola HBC Shares Rise on Higher Profit, Revenue",The Wall Street Journal,https://www.wsj.com/business/earnings/coca-cola-hbc-shares-rise-on-higher-profit-revenue-219a4999?siteid=yhoof2&yptr=yahoo,
CCH.L,Coca-Cola HBC,Beverage,UK,Is Coca-Cola HBC (CCHGY) Stock Outpacing Its Consumer Staples Peers This Year?,Zacks,https://finance.yahoo.com/news/coca-cola-hbc-cchgy-stock-144003186.html,
BATS.L,BAT,Tobacco,UK,Trump appointee proposes ripping out the White House's 200-year-old columns for the flashier style found at Mar-a-Lago,Moneywise,https://finance.yahoo.com/news/trump-appointee-proposes-ripping-white-020500010.html,
BATS.L,BAT,Tobacco,UK,Philip Morris vs. British American Tobacco: Which Tobacco Giant Wins for Income Investors?,24/7 Wall St.,https://247wallst.com/investing/2026/03/13/philip-morris-vs-british-american-tobacco-which-tobacco-giant-wins-for-income-investors/,
BATS.L,BAT,Tobacco,UK,"2 Big Tobacco Stocks to Buy Amid Recent Market Volatility: BTI, PM",Zacks,https://finance.yahoo.com/news/2-big-tobacco-stocks-buy-233800800.html,
BATS.L,BAT,Tobacco,UK,Assessing British American Tobacco’s Valuation As Long Term Returns Contrast With Recent Share Price Weakness,Simply Wall St.,https://finance.yahoo.com/news/assessing-british-american-tobacco-valuation-200900310.html,
BATS.L,BAT,Tobacco,UK,Organigram Global Inc. (OGI) Sees C$4 Target on Improved Outlook,Insider Monkey,https://finance.yahoo.com/news/organigram-global-inc-ogi-sees-202411065.html,
BATS.L,BAT,Tobacco,UK,UBS Remains a Buy on British American Tobacco (BTI),Insider Monkey,https://finance.yahoo.com/news/ubs-remains-buy-british-american-095742968.html,
BATS.L,BAT,Tobacco,UK,"British American Tobacco (BTI) Reports 2025 Revenue, Profit Growth Driven by Smokeless Categories",Insider Monkey,https://finance.yahoo.com/news/british-american-tobacco-bti-reports-071120314.html,
BATS.L,BAT,Tobacco,UK,Is It Too Late To Consider British American Tobacco (LSE:BATS) After 1-Year 64.7% Return?,Simply Wall St.,https://finance.yahoo.com/news/too-consider-british-american-tobacco-020826098.html,
BATS.L,BAT,Tobacco,UK,Weekly Roundup on the Cannabis Sector & Psychedelic Sector,Market Exclusive,https://finance.yahoo.com/news/weekly-roundup-cannabis-sector-psychedelic-004300610.html,
BATS.L,BAT,Tobacco,UK,European Equities Traded in the US as American Depositary Receipts Decline in Thursday Trading,MT Newswires,https://finance.yahoo.com/news/european-equities-traded-us-american-160611893.html,
IMB.L,Imperial Brands,Tobacco,UK,"Imperial Brands PLC (LON:IMB) Passed Our Checks, And It's About To Pay A UK£0.4008 Dividend",Simply Wall St.,https://finance.yahoo.com/news/imperial-brands-plc-lon-imb-075713365.html,
IMB.L,Imperial Brands,Tobacco,UK,Looking At The Changing Narrative For Imperial Brands (LSE:IMB) After The Latest Price Target,Simply Wall St.,https://finance.yahoo.com/news/looking-changing-narrative-imperial-brands-001719173.html,
IMB.L,Imperial Brands,Tobacco,UK,A Closer Look At Imperial Brands PLC's (LON:IMB) Impressive ROE,Simply Wall St.,https://finance.yahoo.com/news/closer-look-imperial-brands-plcs-051310572.html,
IMB.L,Imperial Brands,Tobacco,UK,Investing in Imperial Brands (LON:IMB) five years ago would have delivered you a 182% gain,Simply Wall St.,https://finance.yahoo.com/news/investing-imperial-brands-lon-imb-132534085.html,
IMB.L,Imperial Brands,Tobacco,UK,Why The Narrative Around Imperial Brands Is Shifting After Fresh Analyst Upgrades And Buybacks,Simply Wall St.,https://finance.yahoo.com/news/why-narrative-around-imperial-brands-051431178.html,
IMB.L,Imperial Brands,Tobacco,UK,Looking at the Narrative for Imperial Brands After Analyst Upgrades and Share Buyback Plans,Simply Wall St.,https://finance.yahoo.com/news/looking-narrative-imperial-brands-analyst-232127689.html,
IMB.L,Imperial Brands,Tobacco,UK,"Under The Bonnet, Imperial Brands' (LON:IMB) Returns Look Impressive",Simply Wall St.,https://finance.yahoo.com/news/under-bonnet-imperial-brands-lon-071023140.html,
IMB.L,Imperial Brands,Tobacco,UK,Imperial Brands PLC (IMBBF) Full Year 2025 Earnings Call Highlights: Strong Financial ...,GuruFocus.com,https://finance.yahoo.com/news/imperial-brands-plc-imbbf-full-130042398.html,
IMB.L,Imperial Brands,Tobacco,UK,"Trending tickers: Nvidia, Coinbase, Imperial Brands, Crest Nicholson and Greencore",Yahoo Finance UK,https://uk.finance.yahoo.com/news/nvidia-coinbase-imperial-brands-crest-nicholson-greencore-trending-tickers-100418560.html,
IMB.L,Imperial Brands,Tobacco,UK,Demand for oral nicotine and higher cigarette prices boosts Imperial Brands,PA Media: Money,https://uk.finance.yahoo.com/news/demand-oral-nicotine-higher-cigarette-081245190.html,
ULVR.L,Unilever,Home & Personal Care,UK,"Unilever vs. Kimberly-Clark: Two Consumer Staples Giants, One Better Dividend",24/7 Wall St.,https://247wallst.com/investing/2026/03/15/unilever-vs-kimberly-clark-two-consumer-staples-giants-one-better-dividend/,
ULVR.L,Unilever,Home & Personal Care,UK,"Unilever vs. McCormick: Two Consumer Staples Giants, One Better Buy",24/7 Wall St.,https://247wallst.com/investing/2026/03/15/unilever-vs-mccormick-two-consumer-staples-giants-one-better-buy/,
ULVR.L,Unilever,Home & Personal Care,UK,Is Unilever (LSE:ULVR) Offering Value After Recent Share Price Weakness?,Simply Wall St.,https://finance.yahoo.com/news/unilever-lse-ulvr-offering-value-221328297.html,
ULVR.L,Unilever,Home & Personal Care,UK,"We can’t afford to hire American executives, says Unilever",The Telegraph,https://uk.finance.yahoo.com/news/t-afford-hire-american-executives-124611051.html,
ULVR.L,Unilever,Home & Personal Care,UK,European Equities Traded in the US as American Depositary Receipts Edge Lower in Wednesday Trading,MT Newswires,https://finance.yahoo.com/news/european-equities-traded-us-american-150619373.html,
ULVR.L,Unilever,Home & Personal Care,UK,Nestlé USA enters at-home condiments space with new sauce brand,Food Dive,https://www.fooddive.com/news/embargoed-until-6-pm-nestle-usa-launches-new-sauce-condiment-offering/814082/,
ULVR.L,Unilever,Home & Personal Care,UK,Unilever (LSE:ULVR) Valuation Check After Recent Short Term Share Price Weakness,Simply Wall St.,https://finance.yahoo.com/news/unilever-lse-ulvr-valuation-check-070805180.html,
ULVR.L,Unilever,Home & Personal Care,UK,EXCLUSIVE: Unilever Ventures Invests in Novos,WWD,https://wwd.com/beauty-industry-news/beauty-features/unilever-ventures-invests-novos-longevity-1238647073/,
ULVR.L,Unilever,Home & Personal Care,UK,European Equities Traded in the US as American Depositary Receipts Rise in Wednesday Trading,MT Newswires,https://finance.yahoo.com/news/european-equities-traded-us-american-160922888.html,
ULVR.L,Unilever,Home & Personal Care,UK,"The French AI startup gunning for Workday, Oracle, and SAP",Fortune,https://finance.yahoo.com/news/french-ai-startup-gunning-workday-112228926.html,
OR.PA,L'Oréal,Home & Personal Care,France,L'Oréal AI Plans At NVIDIA GTC 2026 And What Valuation Signals,Simply Wall St.,https://finance.yahoo.com/news/lor-al-ai-plans-nvidia-080729591.html,
OR.PA,L'Oréal,Home & Personal Care,France,Dioxycle and L’Oréal partner on carbon-based packaging,Packaging Gateway,https://www.packaging-gateway.com/news/dioxycle-loreal-carbon-packaging/,
OR.PA,L'Oréal,Home & Personal Care,France,Assessing L'Oréal (ENXTPA:OR) Valuation After Recent Share Price Weakness,Simply Wall St.,https://finance.yahoo.com/news/assessing-lor-al-enxtpa-valuation-100923077.html,
OR.PA,L'Oréal,Home & Personal Care,France,L'Oréal Campaigns Link Experiential Retail To Valuation And Growth Expectations,Simply Wall St.,https://finance.yahoo.com/news/lor-al-campaigns-experiential-retail-201009633.html,
OR.PA,L'Oréal,Home & Personal Care,France,US small businesses in limbo after Supreme Court's tariff ruling,Reuters Videos,https://finance.yahoo.com/video/us-small-businesses-limbo-supreme-200010859.html,
OR.PA,L'Oréal,Home & Personal Care,France,"How Mars, Meta, Patagonia and L’Oréal are tackling scope 3 emissions: GreenBiz26",ESG Dive,https://www.esgdive.com/news/mars-meta-patagonia-loreal-scope-3-emissions-data-decarbonization-greenbiz26/813800/,
OR.PA,L'Oréal,Home & Personal Care,France,"For some small businesses, a tariff refund isn't worth the pain of pursuing it",Reuters,https://finance.yahoo.com/news/small-businesses-tariff-refund-isnt-110654715.html,
OR.PA,L'Oréal,Home & Personal Care,France,Gulf Luxury Retailers Caught Between Calm and Caution as Conflict Grows,WWD,https://wwd.com/business-news/markets/gulf-luxury-retailers-iran-strikes-continue-1238645231/,
OR.PA,L'Oréal,Home & Personal Care,France,Tariff-refund seekers flock to a little-known US court with big-case experience,Reuters,https://finance.yahoo.com/news/tariff-refund-seekers-flock-little-110510954.html,
OR.PA,L'Oréal,Home & Personal Care,France,Oddity Tech Ltd. (ODD): A Bull Case Theory,Insider Monkey,https://finance.yahoo.com/news/oddity-tech-ltd-odd-bull-132906759.html,
HEN3.DE,Henkel,Home & Personal Care,Germany,Why The Henkel (XTRA:HEN3) Story Is Shifting After New Targets And M&A Talk,Simply Wall St.,https://finance.yahoo.com/news/why-henkel-xtra-hen3-story-141332676.html,
HEN3.DE,Henkel,Home & Personal Care,Germany,Henkel AG & Co KGaA (HELKF) Q4 2025 Earnings Call Highlights: Strong EPS Growth and ...,GuruFocus.com,https://finance.yahoo.com/news/henkel-ag-co-kgaa-helkf-150052876.html,
HEN3.DE,Henkel,Home & Personal Care,Germany,"Henkel Expects Growth Despite Geopolitical Challenges, Weakening Consumer Sentiment",The Wall Street Journal,https://www.wsj.com/business/earnings/henkel-expects-growth-despite-geopolitical-challenges-weakening-consumer-sentiment-deb7a650?siteid=yhoof2&yptr=yahoo,
HEN3.DE,Henkel,Home & Personal Care,Germany,Henkel Is to Acquire Not Your Mother’s Brand,WWD,https://wwd.com/beauty-industry-news/hair/henkel-acquire-not-your-mothers-brand-hair-care-styling-1238659467/,
HEN3.DE,Henkel,Home & Personal Care,Germany,Henkel KGaA (XTRA:HEN3) Valuation Check After Recent Share Price Momentum,Simply Wall St.,https://finance.yahoo.com/news/henkel-kgaa-xtra-hen3-valuation-130912981.html,
HEN3.DE,Henkel,Home & Personal Care,Germany,Henkel Sharpens Packaging Focus With New Coating And Stahl Acquisition,Simply Wall St.,https://finance.yahoo.com/news/henkel-sharpens-packaging-focus-coating-002240118.html,
HEN3.DE,Henkel,Home & Personal Care,Germany,H.B. Fuller Company (FUL): A Bull Case Theory,Insider Monkey,https://finance.yahoo.com/news/h-b-fuller-company-ful-155255747.html,
HEN3.DE,Henkel,Home & Personal Care,Germany,Henkel develops cold seal for barrier-coated paper packaging,Packaging Gateway,https://www.packaging-gateway.com/news/henkel-cold-seal-coated-paper-packaging/,
HEN3.DE,Henkel,Home & Personal Care,Germany,Henkel (XTRA:HEN3) Valuation Check After Recent Share Price Momentum,Simply Wall St.,https://finance.yahoo.com/news/henkel-xtra-hen3-valuation-check-020742625.html,
HEN3.DE,Henkel,Home & Personal Care,Germany,Germany Deal Value More Than Doubles to $26 Billion Early 2026,GuruFocus.com,https://finance.yahoo.com/news/germany-deal-value-more-doubles-164327372.html,
BEI.DE,Beiersdorf,Home & Personal Care,Germany,Beiersdorf moves to fully recycled aluminium cans in Europe,Packaging Gateway,https://www.packaging-gateway.com/news/beiersdorf-recycled-aluminium-cans-europe/,
BEI.DE,Beiersdorf,Home & Personal Care,Germany,Assessing Beiersdorf (XTRA:BEI) Valuation After Cautious 2026 Guidance And Share Price Weakness,Simply Wall St.,https://finance.yahoo.com/news/assessing-beiersdorf-xtra-bei-valuation-110938158.html,
BEI.DE,Beiersdorf,Home & Personal Care,Germany,Beiersdorf AG (BDRFF) Q4 2025 Earnings Call Highlights: Navigating Growth Amid Market Challenges,GuruFocus.com,https://finance.yahoo.com/news/beiersdorf-ag-bdrff-q4-2025-150042981.html,
BEI.DE,Beiersdorf,Home & Personal Care,Germany,Beiersdorf Shares Fall on Sluggish 2026 Outlook,The Wall Street Journal,https://www.wsj.com/business/earnings/beiersdorf-shares-fall-on-sluggish-2026-outlook-be79a688?siteid=yhoof2&yptr=yahoo,
BEI.DE,Beiersdorf,Home & Personal Care,Germany,Beiersdorf Aktiengesellschaft Q4 Earnings Call Highlights,MarketBeat,https://www.marketbeat.com/instant-alerts/beiersdorf-aktiengesellschaft-q4-earnings-call-highlights-2026-03-03/?utm_source=yahoofinance&utm_medium=yahoofinance,
BEI.DE,Beiersdorf,Home & Personal Care,Germany,"Beiersdorf Aktiengesellschaft's (ETR:BEI) largest shareholders are private companies with 59% ownership, institutions own 24%",Simply Wall St.,https://finance.yahoo.com/news/beiersdorf-aktiengesellschafts-etr-bei-largest-092954181.html,
BEI.DE,Beiersdorf,Home & Personal Care,Germany,Beiersdorf (ETR:BEI) Hasn't Managed To Accelerate Its Returns,Simply Wall St.,https://finance.yahoo.com/news/beiersdorf-etr-bei-hasnt-managed-062056992.html,
BEI.DE,Beiersdorf,Home & Personal Care,Germany,Beiersdorf (XTRA:BEI): Exploring Share Valuation After Recent Modest Stock Recovery,Simply Wall St.,https://finance.yahoo.com/news/beiersdorf-xtra-bei-exploring-share-120922089.html,
BEI.DE,Beiersdorf,Home & Personal Care,Germany,"Britannia Industries names new CEO as sales, profits rise",Just Food,https://www.just-food.com/news/britannia-q2-profit-new-ceo/,
BEI.DE,Beiersdorf,Home & Personal Care,Germany,Beiersdorf Downgrades FY Guidance as Skin Care Market Decelerates,WWD,https://wwd.com/beauty-industry-news/skin-care/beiersdorf-downgrades-guidance-skin-care-market-decelerates-1238322024/,
NOVN.SW,Novartis,Pharmaceuticals,Switzerland,Sector Update: Health Care Stocks Advance Late Afternoon,MT Newswires,https://finance.yahoo.com/news/sector-health-care-stocks-advance-194250491.html,
NOVN.SW,Novartis,Pharmaceuticals,Switzerland,Julius Baer’s $30 Million Pay Package Shows the Price of a Banking Reset,Moby,https://app.moby.co/home/news/news-julius-baers-30m-ceo-pay-packet-shows-the-price-of-a-banking-reset?utm_source=yahoo_finance&utm_medium=rss,
NOVN.SW,Novartis,Pharmaceuticals,Switzerland,FDA Approves NVS' Cosentyx in Hidradenitis Suppurativa for Adolescents,Zacks,https://finance.yahoo.com/news/fda-approves-nvs-cosentyx-hidradenitis-134000720.html,
NOVN.SW,Novartis,Pharmaceuticals,Switzerland,Will GILD's Move to Acquire ACLX Boost Its Cell Therapy Franchise?,Zacks,https://finance.yahoo.com/news/gilds-move-acquire-aclx-boost-140700728.html,
NOVN.SW,Novartis,Pharmaceuticals,Switzerland,Assessing Novartis (SWX:NOVN) Valuation After Recent Mixed Share Price Performance,Simply Wall St.,https://finance.yahoo.com/news/assessing-novartis-swx-novn-valuation-131159816.html,
NOVN.SW,Novartis,Pharmaceuticals,Switzerland,Novartis AGM Links Board Refresh And Dividend Growth To Future Returns,Simply Wall St.,https://finance.yahoo.com/news/novartis-agm-links-board-refresh-080537983.html,
NOVN.SW,Novartis,Pharmaceuticals,Switzerland,How Retirees Are Using ESGD to Pair ESG Values With International Dividend Income,24/7 Wall St.,https://247wallst.com/investing/2026/03/11/how-retirees-are-using-esgd-to-pair-esg-values-with-international-dividend-income/,
NOVN.SW,Novartis,Pharmaceuticals,Switzerland,VRTX Stock Gains on Upbeat Interim Data From Kidney Disease Drug Study,Zacks,https://finance.yahoo.com/news/vrtx-stock-gains-upbeat-interim-161400156.html,
NOVN.SW,Novartis,Pharmaceuticals,Switzerland,INCY Wins EC Approval for Label Expansion of Oncology Drug Zynyz,Zacks,https://finance.yahoo.com/news/incy-wins-ec-approval-label-161100230.html,
NOVN.SW,Novartis,Pharmaceuticals,Switzerland,These 8 drugs could help fight dementia — and they’re already on the market,MarketWatch,https://www.marketwatch.com/story/these-8-drugs-could-help-fight-dementia-and-theyre-already-on-the-market-f19aed04,
ROG.SW,Roche,Pharmaceuticals,Switzerland,Assessing Roche (SWX:ROG) Valuation After Recent Share Price Volatility And Obesity Drug Pipeline Update,Simply Wall St.,https://finance.yahoo.com/news/assessing-roche-swx-rog-valuation-060910461.html,
ROG.SW,Roche,Pharmaceuticals,Switzerland,Roche ramps up AI computing capacity with Nvidia chip expansion,Reuters,https://uk.news.yahoo.com/roche-ramps-ai-computing-capacity-203345745.html,
ROG.SW,Roche,Pharmaceuticals,Switzerland,Can Merck's New Drugs & Pipeline Ease Keytruda LOE Concerns?,Zacks,https://finance.yahoo.com/news/mercks-drugs-pipeline-ease-keytruda-140300340.html,
ROG.SW,Roche,Pharmaceuticals,Switzerland,"ImmunityBio Stock Soars 295% YTD: Time to Buy, Hold or Sell?",Zacks,https://finance.yahoo.com/news/immunitybio-stock-soars-295-ytd-140300911.html,
ROG.SW,Roche,Pharmaceuticals,Switzerland,A Look At Olema Pharmaceuticals (OLMA) Valuation After Roche Breast Cancer Trial Setback And Share Price Pullback,Simply Wall St.,https://finance.yahoo.com/news/look-olema-pharmaceuticals-olma-valuation-002706754.html,
ROG.SW,Roche,Pharmaceuticals,Switzerland,Foreign Stocks Are Reeling From the Iran War. It’s Time to Buy the Dip.,Barrons.com,https://www.barrons.com/articles/foreign-stocks-europe-asia-emerging-markets-iran-war-buy-7493bca6?siteid=yhoof2&yptr=yahoo,
ROG.SW,Roche,Pharmaceuticals,Switzerland,Poolbeg Pharma adds CAR-T therapy expert to scientific advisory board,Proactive,https://www.proactiveinvestors.com/companies/news/1088771/poolbeg-pharma-adds-car-t-therapy-expert-to-scientific-advisory-board-1088771.html,
ROG.SW,Roche,Pharmaceuticals,Switzerland,How Retirees Are Using ESGD to Pair ESG Values With International Dividend Income,24/7 Wall St.,https://247wallst.com/investing/2026/03/11/how-retirees-are-using-esgd-to-pair-esg-values-with-international-dividend-income/,
ROG.SW,Roche,Pharmaceuticals,Switzerland,Roche's Breast Cancer Drug Falls Short In Phase 3 Study,Benzinga,https://finance.yahoo.com/news/roches-breast-cancer-drug-falls-223022770.html,
ROG.SW,Roche,Pharmaceuticals,Switzerland,H.C. Wainwright does not see direct read from Roche miss to Olema’s OPERA-02,TipRanks,https://finance.yahoo.com/news/h-c-wainwright-does-not-152013614.html,
SAN.PA,Sanofi,Pharmaceuticals,France,Is There Now An Opportunity In Sanofi (ENXTPA:SAN) After A 25% Share Price Slide?,Simply Wall St.,https://finance.yahoo.com/news/now-opportunity-sanofi-enxtpa-san-120858447.html,
SAN.PA,Sanofi,Pharmaceuticals,France,Is Pfizer Inc. (PFE) One of Goldman Sachs Top Healthcare Stocks?,Insider Monkey,https://finance.yahoo.com/news/pfizer-inc-pfe-one-goldman-215206993.html,
SAN.PA,Sanofi,Pharmaceuticals,France,"Cytokinetics Highlights Early MYQORZO Momentum, Eyes Q2 nHCM Phase 3 Catalyst at Barclays Confab",MarketBeat,https://www.marketbeat.com/instant-alerts/cytokinetics-highlights-early-myqorzo-momentum-eyes-q2-nhcm-phase-3-catalyst-at-barclays-confab-2026-03-15/?utm_source=yahoofinance&utm_medium=yahoofinance,
SAN.PA,Sanofi,Pharmaceuticals,France,Blackstone (BX) Commits $400 Million With Teva to Advance Duvakitug Clinical Development,Insider Monkey,https://finance.yahoo.com/news/blackstone-bx-commits-400-million-172320311.html,
SAN.PA,Sanofi,Pharmaceuticals,France,Vaxart Q4 Earnings Call Highlights,MarketBeat,https://www.marketbeat.com/instant-alerts/vaxart-q4-earnings-call-highlights-2026-03-12/?utm_source=yahoofinance&utm_medium=yahoofinance,
SAN.PA,Sanofi,Pharmaceuticals,France,Vaxart Inc (VXRT) Q4 2025 Earnings Call Highlights: Revenue Surge and Strategic Partnerships ...,GuruFocus.com,https://finance.yahoo.com/news/vaxart-inc-vxrt-q4-2025-030808810.html,
SAN.PA,Sanofi,Pharmaceuticals,France,Health Care Roundup: Market Talk,The Wall Street Journal,https://www.wsj.com/business/health-care-roundup-market-talk-0b15cb66?siteid=yhoof2&yptr=yahoo,
SAN.PA,Sanofi,Pharmaceuticals,France,Poolbeg Pharma adds CAR-T therapy expert to scientific advisory board,Proactive,https://www.proactiveinvestors.com/companies/news/1088771/poolbeg-pharma-adds-car-t-therapy-expert-to-scientific-advisory-board-1088771.html,
SAN.PA,Sanofi,Pharmaceuticals,France,How The Sanofi (ENXTPA:SAN) Investment Story Is Shifting Around The €98.49 Fair Value,Simply Wall St.,https://finance.yahoo.com/news/sanofi-enxtpa-san-investment-story-210825413.html,
SAN.PA,Sanofi,Pharmaceuticals,France,Brazil drugmaker EMS eyes overseas deals after buying Sanofi unit,Reuters,https://finance.yahoo.com/news/brazil-drugmaker-ems-eyes-overseas-202037149.html,
NOVO-B.CO,Novo Nordisk,Pharmaceuticals,Denmark,Novo Nordisk Patent Loss In India Tests GLP 1 Valuation Story,Simply Wall St.,https://finance.yahoo.com/news/novo-nordisk-patent-loss-india-170721378.html,
NOVO-B.CO,Novo Nordisk,Pharmaceuticals,Denmark,A New GLP-1 Pill Melted Away the Pounds. Is Structure Therapeutics a Takeover Candidate?,Barrons.com,https://www.barrons.com/articles/structure-therapeutics-weight-loss-pill-trial-stock-93dba470?siteid=yhoof2&yptr=yahoo,
NOVO-B.CO,Novo Nordisk,Pharmaceuticals,Denmark,Eli Lilly Just Opened the Door to Even Greater GLP-1 Growth,24/7 Wall St.,https://247wallst.com/investing/2026/03/16/eli-lilly-just-opened-the-door-to-even-greater-glp-1-growth/,
NOVO-B.CO,Novo Nordisk,Pharmaceuticals,Denmark,India Semaglutide Patent Expiry Could Drive 50% Price Drop in Weight-Loss Drugs,GuruFocus.com,https://finance.yahoo.com/news/india-semaglutide-patent-expiry-could-133309417.html,
NOVO-B.CO,Novo Nordisk,Pharmaceuticals,Denmark,Why the Novo Nordisk and Hims & Hers Deal Is a Win for Both Stocks,Motley Fool,https://www.fool.com/investing/2026/03/16/why-the-novo-nordisk-and-hims-hers-deal-is-a-win-f/,
NOVO-B.CO,Novo Nordisk,Pharmaceuticals,Denmark,Structure’s GLP-1 pill shows ‘best-in-class’ potential in obesity trial,BioPharma Dive,https://www.biopharmadive.com/news/structure-glp1-pill-aleniglipron-study-results-obesity/814786/,
NOVO-B.CO,Novo Nordisk,Pharmaceuticals,Denmark,Eli Lilly’s Employer Push Could Unlock New GLP-1 Demand,MarketBeat,https://www.marketbeat.com/originals/eli-lillys-employer-push-could-unlock-new-glp-1-demand/?utm_source=yahoofinance&utm_medium=yahoofinance,
NOVO-B.CO,Novo Nordisk,Pharmaceuticals,Denmark,Hims & Hers (HIMS) Soars 57.4% on New Deal,Insider Monkey,https://finance.yahoo.com/news/hims-hers-hims-soars-57-093926610.html,
NOVO-B.CO,Novo Nordisk,Pharmaceuticals,Denmark,Novo Nordisk Faces Legal Probe As Trial Setback Reshapes Risk Expectations,Simply Wall St.,https://finance.yahoo.com/news/novo-nordisk-faces-legal-probe-051003165.html,
NOVO-B.CO,Novo Nordisk,Pharmaceuticals,Denmark,MarketBeat Week in Review – 03/09 - 03/13,MarketBeat,https://www.marketbeat.com/originals/marketbeat-week-in-review-03-09-03-13/?utm_source=yahoofinance&utm_medium=yahoofinance,
TSCO.L,Tesco,Retail,UK,Companies House reveals IT update five months ago likely cause of major glitch,PA Media: Money,https://uk.finance.yahoo.com/news/companies-house-reveals-five-months-121243296.html,
TSCO.L,Tesco,Retail,UK,Best savings accounts as Iran war stokes inflation fears,Yahoo Finance UK,https://uk.finance.yahoo.com/news/best-savings-accounts-deals-inflation-interest-rates-120112783.html,
TSCO.L,Tesco,Retail,UK,What are share buybacks?,Yahoo Finance UK,https://uk.finance.yahoo.com/news/what-are-share-buybacks-150055252.html,
TSCO.L,Tesco,Retail,UK,Best credit card deals of the week,Yahoo Finance UK,https://uk.finance.yahoo.com/news/best-credit-card-deals-lloyds-tsb-barclays-073339470.html,
TSCO.L,Tesco,Retail,UK,Why The Tesco (LSE:TSCO) Story Is Shifting After The New £4.80 Price Target,Simply Wall St.,https://finance.yahoo.com/news/why-tesco-lse-tsco-story-061259425.html,
TSCO.L,Tesco,Retail,UK,UK's cheapest supermarkets revealed,Yahoo Finance UK,https://uk.finance.yahoo.com/news/uk-cheapest-supermarket-february-060003263.html,
TSCO.L,Tesco,Retail,UK,Thousands of Tesco staff in line for £134 million windfall,PA Media: Money,https://uk.finance.yahoo.com/news/thousands-tesco-staff-line-134-112013865.html,
TSCO.L,Tesco,Retail,UK,Dairy firm ramps up cottage cheese production as TikTok drives ‘record’ demand,PA Media: Money,https://uk.finance.yahoo.com/news/dairy-firm-ramps-cottage-cheese-000100507.html,
TSCO.L,Tesco,Retail,UK,Will Realignment Efforts Enhance Barclays' Financial Strength?,Zacks,https://finance.yahoo.com/news/realignment-efforts-enhance-barclays-financial-165000209.html,
TSCO.L,Tesco,Retail,UK,Tesco to cut 180 head office roles amid strategy shift,Retail Insight Network,https://www.retail-insight-network.com/news/tesco-cut-180-head-office-roles/,
CA.PA,Carrefour,Retail,France,Are Retail-Wholesale Stocks Lagging  Carrefour (CRRFY) This Year?,Zacks,https://finance.yahoo.com/news/retail-wholesale-stocks-lagging-carrefour-134004454.html,
CA.PA,Carrefour,Retail,France,Carrefour Expands Digital Gift Cards To Deepen Payments And Loyalty Reach,Simply Wall St.,https://finance.yahoo.com/news/carrefour-expands-digital-gift-cards-120928653.html,
CA.PA,Carrefour,Retail,France,Are You Looking for a Top Momentum Pick? Why Carrefour SA (CRRFY) is a Great Choice,Zacks,https://finance.yahoo.com/news/looking-top-momentum-pick-why-170002917.html,
CA.PA,Carrefour,Retail,France,CRRFY vs. WMMVY: Which Stock Should Value Investors Buy Now?,Zacks,https://finance.yahoo.com/news/crrfy-vs-wmmvy-stock-value-164003375.html,
CA.PA,Carrefour,Retail,France,Carrefour (ENXTPA:CA) Valuation Check After 2025 Results And New Dividend Announcement,Simply Wall St.,https://finance.yahoo.com/news/carrefour-enxtpa-ca-valuation-check-100706468.html,
CA.PA,Carrefour,Retail,France,Carrefour and Vusion sign France-wide smart store rollout by 2030,Retail Insight Network,https://www.retail-insight-network.com/news/carrefour-vusion-smart-store-rollout/,
CA.PA,Carrefour,Retail,France,Carrefour 2025 sales grow as profit hit by currency and integration costs,Retail Insight Network,https://www.retail-insight-network.com/news/carrefour-2025-sales-grow/,
CA.PA,Carrefour,Retail,France,"Carrefour Aims to Boost Tech, Focus on Key Regions",The Wall Street Journal,https://www.wsj.com/business/earnings/carrefour-aims-to-boost-tech-focus-on-key-regions-89ab51ef?siteid=yhoof2&yptr=yahoo,
CA.PA,Carrefour,Retail,France,Carrefour (CRERF) Full Year 2025 Earnings Call Highlights: Strong Performance in France and ...,GuruFocus.com,https://finance.yahoo.com/news/carrefour-crerf-full-2025-earnings-010525527.html,
CA.PA,Carrefour,Retail,France,CRRFY or WMMVY: Which Is the Better Value Stock Right Now?,Zacks,https://finance.yahoo.com/news/crrfy-wmmvy-better-value-stock-164003250.html,
AD.AS,Ahold Delhaize,Retail,Netherlands,The Giant Company buys 2 family-owned stores,Grocery Dive,https://www.grocerydive.com/news/the-giant-company-everett-foodliner-saxton-market-grocery-pennsylvania/812687/,
AD.AS,Ahold Delhaize,Retail,Netherlands,We Think Koninklijke Ahold Delhaize's (AMS:AD) Robust Earnings Are Conservative,Simply Wall St.,https://finance.yahoo.com/news/think-koninklijke-ahold-delhaizes-ams-040116317.html,
AD.AS,Ahold Delhaize,Retail,Netherlands,ADRNY or CHD: Which Is the Better Value Stock Right Now?,Zacks,https://finance.yahoo.com/news/adrny-chd-better-value-stock-164002756.html,
AD.AS,Ahold Delhaize,Retail,Netherlands,Are Investors Undervaluing Ahold (ADRNY) Right Now?,Zacks,https://finance.yahoo.com/news/investors-undervaluing-ahold-adrny-now-144002645.html,
AD.AS,Ahold Delhaize,Retail,Netherlands,Analysts Have Made A Financial Statement On Koninklijke Ahold Delhaize N.V.'s (AMS:AD) Full-Year Report,Simply Wall St.,https://finance.yahoo.com/news/analysts-made-financial-statement-koninklijke-061530625.html,
AD.AS,Ahold Delhaize,Retail,Netherlands,"Ahold Delhaize lifts Q4 profit, sets 2026 outlook",Retail Insight Network,https://www.retail-insight-network.com/news/ahold-delhaize-lifts-q4-profit/,
AD.AS,Ahold Delhaize,Retail,Netherlands,Koninklijke Ahold Delhaize NV (ADRNY) Q4 2025 Earnings Call Highlights: Strong Sales Growth and ...,GuruFocus.com,https://finance.yahoo.com/news/koninklijke-ahold-delhaize-nv-adrny-150250476.html,
AD.AS,Ahold Delhaize,Retail,Netherlands,Stop & Shop continues to right its course,Grocery Dive,https://www.grocerydive.com/news/ahold-delhaize-q4-earnings-2025-stop-shop/811949/,
AD.AS,Ahold Delhaize,Retail,Netherlands,Ahold Delhaize Shares Jump After Growth in U.S. Online Sales,The Wall Street Journal,https://www.wsj.com/business/earnings/ahold-delhaize-shares-jump-after-growth-in-u-s-online-sales-17fc6351?siteid=yhoof2&yptr=yahoo,
AD.AS,Ahold Delhaize,Retail,Netherlands,Ahold Delhaize gives suppliers a closer look at nutrition trends,Grocery Dive,https://www.grocerydive.com/news/ahold-delhaize-usa-health-wellness-nutrition-guiding-stars-circana/811393/,
JMT.LS,Jerónimo Martins,Retail,Portugal,3 European Stocks Estimated To Be 21.9% To 46.4% Below Intrinsic Value,Simply Wall St.,https://finance.yahoo.com/news/3-european-stocks-estimated-21-053755446.html,
JMT.LS,Jerónimo Martins,Retail,Portugal,European Stock Picks That May Be Undervalued In May 2025,Simply Wall St.,https://finance.yahoo.com/news/european-stock-picks-may-undervalued-054144950.html,
JMT.LS,Jerónimo Martins,Retail,Portugal,Has Hennes & Mauritz (HNNMY) Outpaced Other Retail-Wholesale Stocks This Year?,Zacks,https://finance.yahoo.com/news/hennes-mauritz-hnnmy-outpaced-other-134011385.html,
JMT.LS,Jerónimo Martins,Retail,Portugal,Arteche Lantegi Elkartea And 2 More European Stocks That Might Be Priced Below Estimated Value,Simply Wall St.,https://finance.yahoo.com/news/arteche-lantegi-elkartea-2-more-053750487.html,
JMT.LS,Jerónimo Martins,Retail,Portugal,Looking for a Growth Stock? 3 Reasons Why Jeronimo Martins SGPS (JRONY) is a Solid Choice,Zacks,https://finance.yahoo.com/news/looking-growth-stock-3-reasons-164502305.html,
JMT.LS,Jerónimo Martins,Retail,Portugal,Are Investors Undervaluing Jeronimo Martins SGPS (JRONY) Right Now?,Zacks,https://finance.yahoo.com/news/investors-undervaluing-jeronimo-martins-sgps-134009623.html,
JMT.LS,Jerónimo Martins,Retail,Portugal,Jeronimo Martins SGPS SA (JRONF) Full Year 2024 Earnings Call Highlights: Navigating Growth ...,GuruFocus.com,https://finance.yahoo.com/news/jeronimo-martins-sgps-sa-jronf-070033646.html,
JMT.LS,Jerónimo Martins,Retail,Portugal,Should Value Investors Buy Jeronimo Martins SGPS (JRONY) Stock?,Zacks,https://finance.yahoo.com/news/value-investors-buy-jeronimo-martins-134013334.html,
DHL.DE,DHL Group,Transport & Logistics,Germany,JD.com DHL Partnership Puts Valuation And Cross Border Growth In Focus,Simply Wall St.,https://finance.yahoo.com/news/jd-com-dhl-partnership-puts-061324829.html,
DHL.DE,DHL Group,Transport & Logistics,Germany,"JD.com, Inc. (JD) Partners with DHL to Popularize German Brands amid Mixed 2025 Financial Results",Insider Monkey,https://finance.yahoo.com/news/jd-com-inc-jd-partners-183821874.html,
DHL.DE,DHL Group,Transport & Logistics,Germany,Deutsche Post Weighs DHL Rerouting Costs And Resilience In Middle East,Simply Wall St.,https://finance.yahoo.com/news/deutsche-post-weighs-dhl-rerouting-210732389.html,
DHL.DE,DHL Group,Transport & Logistics,Germany,Denver grandpa lost in tariff confusion after buying $67 hubcap online — $46.38 added from tariffs. What are his rights?,Moneywise,https://finance.yahoo.com/news/denver-grandpa-lost-tariff-confusion-160000395.html,
DHL.DE,DHL Group,Transport & Logistics,Germany,Is Deutsche Post (XTRA:DHL) Pricing Make Sense After Recent Share Pullback And DCF Signal,Simply Wall St.,https://finance.yahoo.com/news/deutsche-post-xtra-dhl-pricing-091106251.html,
DHL.DE,DHL Group,Transport & Logistics,Germany,"DHL Says Its Middle East Network Can Withstand Shipping, Airspace Chaos",Sourcing Journal,https://sourcingjournal.com/topics/logistics/dhl-middle-east-us-iran-war-air-cargo-saudi-arabia-supply-chain-network-ocean-freight-earnings-logistics-1234816386/,
DHL.DE,DHL Group,Transport & Logistics,Germany,Deutsche Post AG (DHLGY) Q4 2025 Earnings Call Highlights: Strong EBIT Growth and Strategic ...,GuruFocus.com,https://finance.yahoo.com/news/deutsche-post-ag-dhlgy-q4-010313231.html,
DHL.DE,DHL Group,Transport & Logistics,Germany,Auto & Transport Roundup: Market Talk,The Wall Street Journal,https://www.wsj.com/business/auto-transport-roundup-market-talk-8ffe8553?siteid=yhoof2&yptr=yahoo,
DHL.DE,DHL Group,Transport & Logistics,Germany,DHL Parent Deutsche Post Expects Earnings Growth Despite Uncertain Conditions,The Wall Street Journal,https://www.wsj.com/business/earnings/dhl-parent-deutsche-post-expects-earnings-growth-despite-uncertain-conditions-79aa6be1?siteid=yhoof2&yptr=yahoo,
DHL.DE,DHL Group,Transport & Logistics,Germany,DHL's cautious profit outlook sends shares lower,Reuters Videos,https://finance.yahoo.com/video/dhls-cautious-profit-outlook-sends-113641237.html,
DSV.CO,DSV,Transport & Logistics,Denmark,Goldman Team Says Asset-Heavy Stocks Outperform on AI Fears,Bloomberg,https://finance.yahoo.com/news/goldman-strategists-asset-heavy-stocks-101843233.html,
DSV.CO,DSV,Transport & Logistics,Denmark,Is There Now An Opportunity In DSV (CPSE:DSV) After Recent Share Price Weakness,Simply Wall St.,https://finance.yahoo.com/news/now-opportunity-dsv-cpse-dsv-091307773.html,
DSV.CO,DSV,Transport & Logistics,Denmark,DSV AS (DSDVF) Q4 2025 Earnings Call Highlights: Strong Cash Flow and Strategic Integrations ...,GuruFocus.com,https://finance.yahoo.com/news/dsv-dsdvf-q4-2025-earnings-170109564.html,
DSV.CO,DSV,Transport & Logistics,Denmark,DSV AS (DSDVY) Q4 2025 Earnings Report Preview: What To Look For,GuruFocus.com,https://finance.yahoo.com/news/dsv-dsdvy-q4-2025-earnings-121814554.html,
DSV.CO,DSV,Transport & Logistics,Denmark,3 European Stocks Estimated To Be Undervalued By At Least 27.4%,Simply Wall St.,https://finance.yahoo.com/news/3-european-stocks-estimated-undervalued-053755174.html,
DSV.CO,DSV,Transport & Logistics,Denmark,"This is the ""only stock to own"" in European logistics, Bernstein says",Investing.com,https://finance.yahoo.com/news/only-stock-own-european-logistics-104221926.html,
DSV.CO,DSV,Transport & Logistics,Denmark,European Value Stock Picks For Estimated Discount Opportunities,Simply Wall St.,https://finance.yahoo.com/news/european-value-stock-picks-estimated-053751670.html,
DSV.CO,DSV,Transport & Logistics,Denmark,3 European Stocks That May Be Undervalued By Up To 46.9%,Simply Wall St.,https://finance.yahoo.com/news/3-european-stocks-may-undervalued-053802898.html,
DSV.CO,DSV,Transport & Logistics,Denmark,3 European Stocks That May Be Trading At Discounts Of Up To 49.6%,Simply Wall St.,https://finance.yahoo.com/news/3-european-stocks-may-trading-053812125.html,
DSV.CO,DSV,Transport & Logistics,Denmark,European Value Stocks: 3 Companies Trading Below Estimated Intrinsic Worth,Simply Wall St.,https://finance.yahoo.com/news/european-value-stocks-3-companies-054044227.html,
MAERSK-B.CO,Maersk,Transport & Logistics,Denmark,A Look At A.P. Møller Mærsk (CPSE:MAERSK B) Valuation After Gulf Shipping Disruptions And Route Suspensions,Simply Wall St.,https://finance.yahoo.com/news/look-p-m-ller-m-190734604.html,
MAERSK-B.CO,Maersk,Transport & Logistics,Denmark,"Maersk Has 10 Ships Trapped in Gulf, Running Short of Fuel in Asia",The Wall Street Journal,https://www.wsj.com/livecoverage/cpi-inflation-data-stock-market-03-11-2026/card/maersk-has-10-ships-trapped-in-gulf-running-short-of-fuel-in-asia-GswbvvxDDCvbYlK6Pilr?siteid=yhoof2&yptr=yahoo,
MAERSK-B.CO,Maersk,Transport & Logistics,Denmark,Maersk CEO: We’re clearly in uncharted territory,CNN Business,https://www.cnn.com/2026/03/10/business/video/maersk-shipping-vincent-clerc-intv-031004pseg1-cnni-business-fast?cid=external-feeds_iluminar_yahoo,
MAERSK-B.CO,Maersk,Transport & Logistics,Denmark,"Container Freight Rate Slide Hits CMA CGM, ZIM Earnings",Sourcing Journal,https://sourcingjournal.com/topics/logistics/cma-cgm-zim-freight-rates-decline-q4-earnings-hapag-lloyd-container-shipping-ocean-carriers-middle-east-war-risk-1234816702/,
MAERSK-B.CO,Maersk,Transport & Logistics,Denmark,Is It Too Late To Consider Buying Maersk (CPSE:MAERSK B) After Strong Multi‑Year Share Gains?,Simply Wall St.,https://finance.yahoo.com/news/too-consider-buying-maersk-cpse-181218228.html,
MAERSK-B.CO,Maersk,Transport & Logistics,Denmark,Maersk Route Suspensions Test Shipping Volumes Valuation And Earnings Outlook,Simply Wall St.,https://finance.yahoo.com/news/maersk-route-suspensions-test-shipping-042127756.html,
MAERSK-B.CO,Maersk,Transport & Logistics,Denmark,5 Things to Know Before the Stock Market Opens,Investopedia,https://www.investopedia.com/5-things-to-know-before-the-stock-market-opens-march-6-2026-11920770,
MAERSK-B.CO,Maersk,Transport & Logistics,Denmark,Maersk suspends two shipping services due to Middle East crisis,Reuters Videos,https://finance.yahoo.com/video/maersk-suspends-two-shipping-services-113534545.html,
MAERSK-B.CO,Maersk,Transport & Logistics,Denmark,"Maersk, Hapag-Lloyd Suspend Key Middle East Shipping Routes",The Wall Street Journal,https://www.wsj.com/livecoverage/jobs-report-unemployment-stock-market-03-06-2026/card/maersk-hapag-lloyd-suspend-key-middle-east-shipping-routes-rM6QqdRmx8DblGjfdYz3?siteid=yhoof2&yptr=yahoo,
MAERSK-B.CO,Maersk,Transport & Logistics,Denmark,Maersk and Hapag-Lloyd Suspend Key Shipping Routes,The Wall Street Journal,https://www.wsj.com/livecoverage/iran-war-news-updates-2026/card/maersk-and-hapag-lloyd-suspend-key-shipping-routes-DfnZE1KEYRaY7y3H3Uus?siteid=yhoof2&yptr=yahoo,
KNIN.SW,Kuehne+Nagel,Transport & Logistics,Switzerland,Assessing Kuehne + Nagel International’s Valuation After Mixed Short And Long Term Returns,Simply Wall St.,https://finance.yahoo.com/news/assessing-kuehne-nagel-international-valuation-201234358.html,
KNIN.SW,Kuehne+Nagel,Transport & Logistics,Switzerland,Kuehne + Nagel Reports Sharp Drop in Earnings Amid Deteriorating Environment,The Wall Street Journal,https://www.wsj.com/business/earnings/kuehne-nagel-reports-sharp-drop-in-earnings-amid-deteriorating-environment-3a82d604?siteid=yhoof2&yptr=yahoo,
KNIN.SW,Kuehne+Nagel,Transport & Logistics,Switzerland,KHNGY or CHRW: Which Is the Better Value Stock Right Now?,Zacks,https://finance.yahoo.com/news/khngy-chrw-better-value-stock-164005905.html,
KNIN.SW,Kuehne+Nagel,Transport & Logistics,Switzerland,Expeditors International (EXPD) Moves 4.2% Higher: Will This Strength Last?,Zacks,https://finance.yahoo.com/news/expeditors-international-expd-moves-4-095100099.html,
KNIN.SW,Kuehne+Nagel,Transport & Logistics,Switzerland,KHNGY vs. CHRW: Which Stock Is the Better Value Option?,Zacks,https://finance.yahoo.com/news/khngy-vs-chrw-stock-better-164003653.html,
KNIN.SW,Kuehne+Nagel,Transport & Logistics,Switzerland,TFI International (TFII) Soars 5.2%: Is Further Upside Left in the Stock?,Zacks,https://finance.yahoo.com/news/tfi-international-tfii-soars-5-080800786.html,
KNIN.SW,Kuehne+Nagel,Transport & Logistics,Switzerland,Is Kuehne + Nagel International (SWX:KNIN) Pricing Reflecting Its Cash Flow Potential Today,Simply Wall St.,https://finance.yahoo.com/news/kuehne-nagel-international-swx-knin-181408658.html,
KNIN.SW,Kuehne+Nagel,Transport & Logistics,Switzerland,KHNGY vs. CHRW: Which Stock Should Value Investors Buy Now?,Zacks,https://finance.yahoo.com/news/khngy-vs-chrw-stock-value-164003128.html,
KNIN.SW,Kuehne+Nagel,Transport & Logistics,Switzerland,Are Transportation Stocks Lagging  Deutsche Lufthansa (DLAKY) This Year?,Zacks,https://finance.yahoo.com/news/transportation-stocks-lagging-deutsche-lufthansa-144003645.html,
KNIN.SW,Kuehne+Nagel,Transport & Logistics,Switzerland,Maersk leans into logistics with new North American chief,FreightWaves,https://finance.yahoo.com/news/maersk-leans-logistics-north-american-130200926.html,
